FIPS,State,County,"Population, low access to store (2010)","Population, low access to store (2015)","Population, low access to store (% change), 2010 -15","Population, low access to store (%), 2010","Population, low access to store (%), 2015","Low income & low access to store, 2010","Low income & low access to store, 2015",PCH_LACCESS_LOWI_10_15,PCT_LACCESS_LOWI10,PCT_LACCESS_LOWI15,LACCESS_HHNV10,LACCESS_HHNV15,PCH_LACCESS_HHNV_10_15,PCT_LACCESS_HHNV10,PCT_LACCESS_HHNV15,LACCESS_SNAP15,PCT_LACCESS_SNAP15,LACCESS_CHILD10,LACCESS_CHILD15,LACCESS_CHILD_10_15,PCT_LACCESS_CHILD10,PCT_LACCESS_CHILD15,LACCESS_SENIORS10,LACCESS_SENIORS15,PCH_LACCESS_SENIORS_10_15,PCT_LACCESS_SENIORS10,PCT_LACCESS_SENIORS15,LACCESS_WHITE15,PCT_LACCESS_WHITE15,LACCESS_BLACK15,PCT_LACCESS_BLACK15,"Hispanic ethnicity, low access to store, 2015","Hispanic ethnicity, low access to store (%), 2015","Asian, low access to store, 2015","Asian, low access to store (%), 2015","American Indian or Alaska Native, low access to store, 2015","American Indian or Alaska Native, low access to store (%), 2015","Hawaiian or Pacific Islander, low access to store, 2015","Hawaiian or Pacific Islander, low access to store (%), 2015","Multiracial, low access to store, 2015","Multiracial, low access to store (%), 2015"
17001,IL,Adams,10505.23266,10346.46475,-1.511322104,15.6553845,15.41878121,2358.654003,2127.848125,-9.785491117000001,3.514975489,3.171017875,346.2510307,316.78425150000004,-8.510235798,1.264843948,1.157202745,353.80511210000003,1.2924387659999999,2544.480562,2502.424482,-1.6528355819999998,3.7919028389999996,3.72922892,1851.3909059999999,1839.844389,-0.623667131,2.759028517,2.741821363,10034.80289,14.95432825,88.90489722,0.132490197,76.17635321,0.113521531,97.12616769,0.144741916,6.1725238970000005,0.009198580999999999,2.9509483989999996,0.00439764,116.5073328,0.173624626
17003,IL,Alexander,3858.85561,1748.0491100000002,-54.70032344,46.84214142,21.21933856,1724.005623,1030.380811,-40.23332657,20.92747783,12.50765733,238.3898756,170.7030241,-28.39334152,7.161005577,5.127756807,184.0028755,5.5272717170000005,749.0888894,375.34833629999997,-49.89268408,9.093091641000001,4.556304155,626.4929089999999,263.2702367,-57.97714023,7.604915138,3.195802824,1241.430075,15.06955663,435.1296124,5.281981213,44.60065404,0.541401481,4.5840258369999995,0.055644887999999997,7.445494482000001,0.09037988,0.0,0.0,59.45991085,0.721776048
17005,IL,Bond,2080.987933,1281.433552,-38.4218653,11.71199872,7.212030348,680.7473529,482.17474450000003,-29.16979515,3.8313110810000004,2.713725487,154.9379513,282.0839328,82.06251635,2.410735199,4.389045166,109.1890195,1.698911148,494.98349840000003,294.13470839999997,-40.57686583,2.785814377,1.655418215,334.7019571000001,245.53744759999998,-26.63997255,1.8837345630000002,1.3819081919999998,1200.692302,6.757610885,26.81204695,0.150900759,43.73503307,0.246144941,17.88247356,0.10064426800000001,8.937366962,0.050300354000000005,0.0,0.0,27.10936629,0.152574101
17007,IL,Boone,9063.970399,11409.51778,25.8777035,16.73399871,21.06437327,1327.1803630000002,2607.274937,96.45219365,2.450254525,4.813578764,177.81936090000002,208.0710895,17.012618,0.960926025,1.124404699,366.27778689999997,1.979344971,2718.456111,3382.6984549999997,24.43454361,5.018842631,6.245173922999999,869.6144306,1144.2213769999998,31.57801169,1.605491425,2.112473695,9993.996549,18.45102289,177.4051439,0.32752726600000004,1694.8141039999998,3.1289838530000003,186.8531484,0.344970273,17.6795919,0.032640251,6.000000227,0.011077264,1027.583368,1.89713536
17009,IL,Brown,1910.444209,1662.6597769999998,-12.9699905,27.53991941,23.96799448,829.9721003999999,905.9150316,9.150058316,11.96442411,13.05917589,51.66839702,34.67672091,-32.88601368,2.461572035,1.652059119,4.602872428,0.219288825,28.18254645,30.09040759,6.769654919,0.406264184,0.43376686700000006,36.28175688,86.18021356,137.53043119999998,0.5230179739999999,1.24232685,532.9248974,7.682354005,903.6049805,13.02587546,261.8081376,3.7740829989999995,3.8527387269999998,0.055538975,6.41866231,0.092527927,1.0,0.014415453,214.85849080000003,3.097282555
17011,IL,Bureau,12482.81542,12511.08754,0.22648832800000002,35.68761914,35.76844743,4276.091286999999,3726.884008,-12.84367525,12.22508802,10.65493741,510.61966050000007,605.2514592,18.532737,3.58028089,4.243804931000001,598.7775879,4.19841248,2866.87392,2866.820668,-0.0018575,8.196220253,8.196068008,2436.712033,2470.689307,1.394390201,6.966413267999999,7.063552252000001,12175.07823,34.80781699,43.550092299999996,0.124507097,311.9008536,0.8917057970000001,72.4050634,0.207001725,18.12555678,0.051819878,3.614298493,0.010333061999999999,198.31429519999998,0.566968652
17013,IL,Calhoun,792.1971568,577.5033646,-27.10105563,15.56685315,11.34807162,237.31081630000003,218.72792859999998,-7.830611372999999,4.663211168,4.298053223999999,66.29999585,44.32520055,-33.14448971,3.179855916,2.125908899,31.73908323,1.5222581880000001,160.59629909999998,119.5868318,-25.53574864,3.155753568,2.349908269,171.5211189,125.44849409999999,-26.86119652,3.370428747,2.465091258,573.5033643999999,11.26947071,0.0,0.0,7.000000151,0.137551585,3.0000000589999996,0.058950679000000006,0.0,0.0,0.0,0.0,1.0,0.019650226
17015,IL,Carroll,1841.384177,2881.377138,56.47886917,11.96714225,18.72604886,569.079417,968.0724457,70.11201192,3.6984429519999997,6.291495715,202.93258280000003,141.2627794,-30.3893059,3.064521033,2.133234362,113.78400690000001,1.71827253,396.08117480000004,647.1421948,63.38625412,2.574128646,4.205772372,402.3794403,587.1302007999999,45.91456274,2.615061027,3.815754863,2789.552413,18.12928065,34.99999903,0.227464737,66.87708939,0.434633713,8.999999992000001,0.058490934,3.074287135,0.01997977,0.064817853,0.000421251,44.68562,0.29041151600000004
17017,IL,Cass,1467.9670449999999,1528.094115,4.095941401,10.76064393,11.2013936,423.8592813,396.0331941,-6.56493519,3.107017162,2.903043499,63.09608791,106.88734109999999,69.40407022,1.19726922,2.028222791,34.58085388,0.656183186,351.59907189999996,367.3503291,4.479891566,2.577327899,2.6927893939999996,239.1234324,259.5227843,8.530887867999999,1.7528473269999998,1.902380767,1497.3272880000002,10.97586342,8.953982363,0.06563540799999999,23.13171987,0.169562527,1.098652143,0.008053454,4.999999944,0.036651517,0.0,0.0,15.71418668,0.11518975699999999
17019,IL,Champaign,29429.51285,31716.383060000004,7.770669587,14.63565073,15.77293879,7750.941167,9045.0048,16.69556774,3.8546362739999998,4.498189685,939.2791177000001,903.8430855,-3.7726839180000002,1.164419659,1.120489785,818.5643675,1.0147701820000001,7487.789540000001,7595.303468000001,1.4358567080000002,3.723767805,3.777235775,3145.702746,3222.6759079999997,2.446930567,1.564395814,1.6026754930000002,24844.634159999998,12.35553541,2260.661476,1.124254144,1798.9165460000002,0.8946228359999999,2862.433829,1.423522774,91.80211873,0.045654297999999996,30.63191974,0.015233621999999999,1626.219617,0.808738576
17021,IL,Christian,3502.2855289999998,3836.8906490000004,9.553907496,10.06403888,11.02554784,892.6868318,1063.4712960000002,19.13150927,2.565192045,3.055951999,238.5531497,230.3485608,-3.439312772,1.697283171,1.6389082940000002,110.17572709999999,0.783889912,552.8714947000001,613.1823417,10.90865556,1.5887111919999999,1.762018223,467.443596,563.2177123,20.48891398,1.343228724,1.618441702,3481.287946,10.00370099,262.2471147,0.753583663,118.7350386,0.34119264,14.33526137,0.04119328,5.63121014,0.016181638,0.07167314,0.00020595700000000002,73.31745617,0.210682345
17023,IL,Clark,1416.8653980000001,1430.77117,0.9814462429999999,8.673801026,8.75892972,450.3350217,510.1542949,13.2832825,2.7568718810000004,3.1230749610000004,155.8047441,113.4836367,-27.16291321,2.297327398,1.673306351,49.646988,0.7320405190000001,302.2242954,302.81025800000003,0.19388334100000001,1.8501640369999999,1.8537511969999998,276.58936780000005,279.493937,1.050137707,1.693231514,1.711012776,1398.8838369999999,8.56372107,6.000000012999999,0.036730946,10.74953352,0.065806756,3.473460705,0.021263916,4.745737102,0.029052569,0.0,0.0,17.66813056,0.10816119099999999
17025,IL,Clay,2133.496037,2153.756319,0.949628288,15.44332998,15.58998421,646.5463432999999,463.08797710000005,-28.37513012,4.6800314389999995,3.352066428,66.22736278,126.39184909999999,90.84536026,1.162495397,2.218568529,86.49560273,1.518265802,499.10989670000004,504.4261532,1.0651474920000001,3.612811413,3.651293183,324.6366447,324.84083680000003,0.062898673,2.349885231,2.351363278,2121.8479399999997,15.35901513,0.9999999959999999,0.007238509000000001,12.65036003,0.09156974300000001,4.378181714,0.031691507,1.999999946,0.014477017,0.0,0.0,24.53019719,0.17756205
17027,IL,Clinton,4186.533891,5729.078383,36.84538409,11.08663177,15.17154384,1338.713384,1827.5546969999998,36.51575595,3.545133691,4.839666057,162.7733092,208.1176941,27.85738349,1.162251404,1.486024235,112.7414043,0.805008242,677.3215286000001,1047.0489380000001,54.58669097,1.793659045,2.772758165,340.5485445,600.8183982999999,76.42665284,0.9018286759999999,1.5910661469999998,4489.197001,11.88813358,936.8238738,2.480864027,368.34120160000003,0.9754282120000001,12.51090127,0.033130928999999996,19.82001872,0.052486675999999996,2.003029929,0.005304353,268.7235374,0.7116242190000001
17029,IL,Coles,7996.130084,8283.217304,3.590327035,14.842555800000001,15.37545209,3183.4822879999997,3494.237678,9.761492667999999,5.909235216,6.486064777999999,503.59885959999997,491.5907625,-2.384456763,2.3463581959999997,2.290410299,552.270121,2.5731264080000003,1828.795202,1875.630093,2.560969696,3.394641475,3.481577215,1402.371639,1500.07745,6.967183911,2.6031066380000003,2.784469865,7854.4545530000005,14.57957521,162.1256952,0.300940537,157.71597880000002,0.29275514399999997,62.73664439,0.116452851,22.15731281,0.04112879,0.0,0.0,181.7430852,0.33735467700000005
17031,IL,Cook,415199.8393,373742.3941,-9.984937682,7.992797225,7.194721403,91537.32413,88306.58851,-3.5294188980000003,1.7621376530000001,1.699944434,9315.019622,8738.264479000001,-6.191668585,0.47371989700000006,0.44438873100000004,13128.477640000001,0.667655178,101459.9392,89882.05609,-11.41128526,1.95315278,1.730272945,56171.16391,51870.32432,-7.656668098,1.081322006,0.9985287690000001,256596.3134,4.939602831,63893.05334,1.229972103,41891.754960000006,0.8064364940000001,29637.535939999998,0.570536866,977.2203135999999,0.018811963,75.7599282,0.001458415,22562.51121,0.43433922700000005
17033,IL,Crawford,2926.971039,2948.453241,0.7339396990000001,14.770000699999999,14.878403599999999,1034.204558,865.3618146,-16.32585569,5.218774579,4.366764973,153.8314237,170.02159,10.524615800000001,1.981597626,2.190153163,96.89852783,1.248209814,411.6205267,416.9925031,1.305079825,2.077108173,2.1042160930000002,246.44406009999997,248.65638280000002,0.8976977279999999,1.2435992329999999,1.254762995,2044.96295,10.31923576,774.0674127999999,3.906077675,152.0947756,0.767496471,7.751815818,0.039117,5.2087113480000005,0.026284056,0.0,0.0,116.4623394,0.587689052
17035,IL,Cumberland,91.84574619,,,0.831333691,,16.18737297,,,0.14651858199999998,,136.804702,107.4609598,-21.44936666,3.1255357999999998,2.4551281659999997,,,22.88196502,,,0.207114093,,7.813761039,,,0.070725571,,,,,,,,,,,,,,,
17037,IL,DeKalb,26414.61017,29776.119130000003,12.72594577,25.11849579,28.31506194,12038.55053,13224.37192,9.850200713,11.44784189,12.57547729,1054.235149,1192.402044,13.10588968,2.73941157,3.0984358289999996,1071.7632119999998,2.7849579369999997,5277.101696,5531.772747999999,4.825964453,5.018164412,5.260339243,1871.9744620000001,2197.058668,17.36584619,1.7801202569999999,2.089253202,24367.345390000002,23.17168638,2750.742283,2.615768622,2959.09071,2.81389379,824.1021534,0.783665037,56.05277224,0.05330237,7.970582619,0.007579481,1769.9058949999999,1.6830599990000001
17039,IL,De Witt,716.2115627000001,653.139208,-8.806385992000001,4.3246878980000005,3.943839188,196.76633950000002,167.31356090000003,-14.968403,1.1881307859999999,1.010286582,43.35584018,52.72085022,21.60034267,0.636556162,0.774054474,35.12996101,0.515782719,172.0229318,157.9812249,-8.162694788,1.038723095,0.9539352990000001,96.16732005,85.70659745,-10.87762724,0.580685466,0.517520666,632.2472243,3.817687484,1.7456715109999998,0.010540858,12.80286398,0.077307312,1.366709978,0.008252581,0.0,0.0,0.0,0.0,17.77960559,0.107358285
17041,IL,Douglas,1971.2200010000001,1971.2200010000001,0.0,9.865965972,9.865965972,560.5050709,608.8158346,8.619148374,2.805330685,3.047126299,487.6011011,440.37238770000005,-9.685932476,6.316076439,5.70430554,89.83333069,1.16364418,451.56327530000004,451.56327530000004,0.0,2.260076453,2.260076453,384.32223589999995,384.32223589999995,0.0,1.923534714,1.923534714,1932.570214,9.672523591000001,3.5153765239999997,0.017594477,52.57016513,0.26311394,17.061506299999998,0.08539292400000001,1.154239845,0.005776976,0.0,0.0,16.91867658,0.084678061
17043,IL,DuPage,250484.9532,216272.3036,-13.65856481,27.31796236,23.58672077,36314.3015,36357.63035,0.119316224,3.9604483580000003,3.965173815,3104.513344,2644.7746420000003,-14.80872044,0.9208598840000001,0.784492318,4193.098647999999,1.2437557540000002,61676.51614,53859.82789,-12.67368643,6.726458915,5.873968604,28933.77855,23535.019930000002,-18.65901686,3.1555263630000003,2.5667361669999997,169679.1171,18.50525421,10526.1113,1.147980781,25632.472319999997,2.7954849389999996,21664.47943,2.362734472,523.3028244,0.057071559,60.91373184,0.006643269,13818.3792,1.507036483
17045,IL,Edgar,6745.106506,6684.283987,-0.90172807,36.3108662,35.98344093,2442.044938,2872.903194,17.64333855,13.14623674,15.465671799999999,226.60948419999997,293.1995708,29.38539261,2.8907958189999996,3.7402675189999997,531.4988234,6.7801865470000005,1422.844754,1411.767193,-0.7785502409999999,7.6595863170000005,7.599952589,1396.811948,1384.054011,-0.913361086,7.519444165,7.450764489,6583.943345000001,35.44327813,23.85991314,0.128444838,43.48770031,0.23410691399999997,13.31586769,0.071683181,8.204053595,0.044164802,2.122581862,0.011426473999999999,52.83822967,0.284443528
17047,IL,Edwards,1243.358107,1243.358107,0.0,18.49959986,18.49959986,264.024029,532.7717268,101.7891056,3.928344428,7.926971087,62.64196603,72.77698381,16.17927791,2.205703029,2.5625698519999998,45.55332105,1.603990178,313.9806764,313.9806764,0.0,4.671636311,4.671636311,200.7737812,200.7737812,0.0,2.9872605439999997,2.9872605439999997,1213.459944,18.05475293,6.950484278999999,0.103414437,13.05939872,0.194307376,3.0,0.044636215,0.0,0.0,0.0,0.0,19.9476765,0.29679625800000003
17049,IL,Effingham,5859.604815,5870.163881,0.18020099399999998,17.11233227,17.14316886,1414.392114,1635.126567,15.60631246,4.130576818,4.7752075430000005,271.10698360000004,193.08868859999998,-28.77767809,2.0059710219999998,1.4286991390000001,230.22608590000002,1.703485652,1488.088974,1492.418906,0.290972687,4.345800403,4.358445495,961.7539062999999,962.3157144999999,0.05841496400000001,2.808696648,2.810337347,5761.789029,16.82667201,14.57198554,0.042555882999999996,79.83818502,0.23315865,33.06283957,0.09655639099999999,2.173723203,0.00634812,0.0,0.0,58.5662827,0.171036396
17051,IL,Fayette,7108.086061,7659.778417,7.761475462000001,32.10517643,34.59701182,2801.996612,3109.951514,10.99055226,12.65581126,14.04675481,236.6702869,339.2959897,43.36230969,2.847675213,4.0824929569999995,499.0621016,6.004838185,1728.808413,1846.042614,6.781214125,7.808529419,8.338042519,1196.256038,1273.719658,6.47550503,5.403143805,5.753024654,7504.126517000001,33.89397704,26.46171535,0.119519943,72.43809745,0.32718201199999997,22.66793853,0.10238454599999999,17.90175915,0.08085708700000001,3.0,0.013550136,85.62048612,0.386723063
17053,IL,Ford,2583.177029,2589.900699,0.260286866,18.34512484,18.39287479,662.9236133999999,918.3444929,38.52945866,4.70792993,6.521869845,102.9838795,93.68537462,-9.029087738,1.814374198,1.650552759,122.4800215,2.1578580240000003,625.5951851,627.6663587,0.331072495,4.4428320789999995,4.457541074,461.52453499999996,462.90531739999994,0.299178552,3.277640331,3.287446328,2522.061266,17.91109485,10.95802861,0.077821381,45.8472845,0.32559679399999997,5.819527162999999,0.041328934,13.4363302,0.09542170400000001,0.0,0.0,37.62554984,0.267207939
17055,IL,Franklin,4415.063247,4242.045168,-3.9188131630000003,11.16014066,10.7227956,1901.7929100000001,1720.2791339999999,-9.54435023,4.8072417530000005,4.348421763999999,559.9362085,565.5161297999999,0.99652803,3.3696588339999995,3.403238429,308.3067373,1.855369425,983.858872,953.4057185,-3.0952766030000003,2.486941361,2.409963647,854.6425296,816.8978787000001,-4.416425538,2.16031579,2.0649070519999997,4172.634324000001,10.5473429,11.48955592,0.029042632999999998,49.97535532,0.126324803,7.439156815,0.018804269,11.37180786,0.028744996000000002,0.0,0.0,39.11032654,0.098860814
17057,IL,Fulton,4613.997059,6302.332037,36.591592,12.44705025,17.0016241,1470.55814,2411.621454,63.99361501,3.967083385,6.505763452999999,306.1352447,348.85550930000005,13.95470314,2.1060487390000002,2.399941589,362.0530016,2.490733363,1044.207619,1482.369794,41.961212200000006,2.8169295610000002,3.9989473510000004,833.9105027,1073.658984,28.74990547,2.249616938,2.8963796810000004,6194.840668,16.71164765,14.62327254,0.039448792,51.425779799999994,0.138729882,10.89424322,0.029389093999999998,10.95409271,0.029550548,0.0,0.0,71.01975343,0.19158799399999998
17059,IL,Gallatin,4856.048815,4204.632412,-13.41453573,86.88582599,75.23049582,1823.618927,1635.830105,-10.2975912,32.62871582,29.26874405,146.808297,122.5520912,-16.52236716,6.109375657,5.099962178999999,295.46006370000003,12.29546665,1033.1245789999998,884.8855372000002,-14.34861242,18.48496294,15.83262725,981.0121171,868.1049816,-11.50924984,17.55255175,15.53238471,4103.368237,73.418648,10.00000001,0.17892288399999998,59.00000016,1.05564502,2.0000000190000002,0.035784577000000005,12.00000005,0.214707462,0.0,0.0,77.26417891,1.382432974
17061,IL,Greene,259.9066576,1656.176156,537.219597,1.8717172519999998,11.92694913,71.50423486,881.6160940999999,1132.956476,0.5149375979999999,6.34895646,57.48291133,146.5979283,155.0287118,1.03200918,2.6319197180000002,124.59710030000001,2.2369317840000003,59.866693700000006,389.3151121,550.3033457,0.43112987,2.803651967,42.92340069,280.68518660000007,553.9211295,0.30911278,2.021353785,1626.624402,11.71413224,8.137181402000001,0.058599895,6.777228806,0.048806199,0.43571220899999996,0.0031377809999999996,2.277403862,0.016400718999999998,0.0,0.0,18.70145307,0.134678475
17063,IL,Grundy,9126.122755,9307.075391,1.9827986219999998,18.22927662,18.59072647,1669.385987,2478.900483,48.49175097,3.334570416,4.951561998,408.8982778,438.36854410000007,7.20723659,2.204778808,2.363682433,348.82613710000004,1.88086993,2450.555593,2507.136523,2.308902131,4.8949435569999995,5.007963013,977.4017533,991.2809409,1.420008454,1.952343554,1.9800669969999998,8789.950084,17.55777737,76.71528715,0.153237495,677.155277,1.35260627,66.01808872,0.131870021,24.41612638,0.048770802,3.267162122,0.006526100999999999,346.70868060000004,0.692544755
17065,IL,Hamilton,1547.107855,1193.621187,-22.84822397,18.29381406,14.11400245,489.6768731000001,366.2044065,-25.21509049,5.79019597,4.330192816,26.16424933,55.13807047,110.7382092,0.7499068309999999,1.580340225,55.784933499999994,1.598880295,356.6984332,277.3283052,-22.25132512,4.217789207,3.279275218,286.7754456,198.23639980000002,-30.87399815,3.390983157,2.34405108,1162.0148869999998,13.74027299,13.0,0.153718813,11.34186914,0.134112205,3.151122294,0.037260521,0.552986314,0.006538800000000001,0.9947261159999999,0.011762163,13.90746607,0.16444916699999998
17067,IL,Hancock,10204.794679999999,7343.926383,-28.03455026,53.41705755,38.44182571,3401.7821630000003,2706.616337,-20.43534221,17.80664867,14.16779908,310.9172642,278.4196195,-10.45218405,3.8671301510000005,3.46293059,382.5166454,4.757669719,2299.7602,1685.562315,-26.70704036,12.03810825,8.823085821,2008.7324609999998,1400.61006,-30.27393706,10.51472184,7.331501571,7229.223298000001,37.84141173,20.05630699,0.10498485699999999,39.62047597,0.20739361399999998,14.90661966,0.078028788,8.001227247000001,0.041882471,2.7193379139999996,0.01423439,69.01959912,0.36128349600000004
17069,IL,Hardin,1025.035678,714.7163996,-30.27399776,23.72767772,16.5443611,380.5509689,206.29602480000003,-45.79017223,8.809050207,4.775370945,97.88995742,164.66481430000002,68.21420565,5.111747124,8.598684818999999,53.71425886,2.804922134,187.4001846,127.54311979999999,-31.94077149,4.337967235,2.952387033,231.9612293,152.1505244,-34.40691583,5.369472901,3.522002879,701.4155794,16.23647175,1.293462051,0.029941251000000002,2.0209120169999997,0.046780370999999994,7.02091204,0.162521112,0.0,0.0,0.025209713999999998,0.0005835580000000001,4.961238485,0.11484348300000001
17071,IL,Henderson,101.96578690000001,99.5907392,-2.329259451,1.390885103,1.358487781,32.19109606,33.42219253,3.824338478,0.439109208,0.455902231,102.7710663,53.28544197,-48.15131937,3.263609601,1.692138519,4.40024528,0.139734687,21.74870281,21.10933725,-2.939787107,0.29666761399999997,0.28794621800000003,13.72020907,12.89923173,-5.983708636,0.187153309,0.17595460000000002,98.58614039,1.344784346,0.0045987829999999995,6.27306e-05,0.0,0.0,0.0,0.0,0.0,0.0,0.0,0.0,0.999999966,0.013640703
17073,IL,Henry,9452.025152,9344.026294,-1.142600199,18.72207177,18.50815334,2660.657104,2558.71745,-3.831371339,5.270088943999999,5.068172267,476.092871,356.1949118,-25.18373336,2.336881515,1.748367505,357.00321089999994,1.752335007,2385.853358,2355.99897,-1.251308609,4.72577221,4.666638216,1457.507838,1559.89357,7.024712255,2.886954479,3.0897547239999996,8808.830551000001,17.4480659,225.71523599999998,0.44708480799999994,345.5715813,0.68448992,37.21794332,0.073719335,17.94396344,0.035542454,0.0,0.0,254.3185991,0.503740837
17075,IL,Iroquois,4187.485494,6495.508949,55.11716896,14.09073792,21.85715374,1040.8394369999999,2240.5837,115.2669874,3.5023872289999995,7.539483477,180.05319,362.2460848,101.18837370000001,1.5059651219999999,3.029826738,246.44149159999998,2.061236965,1028.896148,1600.68184,55.57273129,3.4621984930000003,5.386236759,746.061016,1177.109368,57.77655479,2.510468457,3.96093064,6000.999503,20.19314726,40.16731441,0.13516156699999998,579.8629308999999,1.951217885,18.07154713,0.060810105,10.04353553,0.033796135,0.9999999829999999,0.0033649640000000002,425.22706270000003,1.430873756
17077,IL,Jackson,14240.434330000002,13246.99998,-6.9761520820000005,23.64813566,21.99840575,6332.590282,6755.333753,6.675680131,10.51610861,11.21813038,867.2745079,1166.129725,34.45912623,3.3960157719999997,4.566253134,1042.625145,4.082642123,3017.333415,2787.740864,-7.609121012,5.010683541000001,4.6294145669999995,2032.2718300000001,1806.5115690000002,-11.108763,3.3748577330000002,2.999952786,11186.002540000001,18.57584533,1329.31649,2.207506875,505.4429643,0.839355283,162.8399594,0.270417416,39.65315665,0.065849342,3.131090183,0.005199592,526.0567899,0.873587283
17079,IL,Jasper,1504.003493,1449.139265,-3.6478789839999997,15.50838825,14.94266102,446.5111442,387.81397169999997,-13.14573516,4.604156982,3.998906699,78.73388428,79.18812535,0.576932121,1.998321936,2.0098508969999997,46.51024102,1.18046297,368.61846139999994,357.50711939999997,-3.014320548,3.80097403,3.686400489,273.1899255,265.8689217,-2.679822045,2.8169718039999996,2.741481973,1421.345679,14.6560701,0.9627306459999999,0.009927105,11.7004008,0.120647564,7.674067626,0.079130415,4.0780941330000005,0.042050878,0.0,0.0,15.07869657,0.155482538
17081,IL,Jefferson,8696.955664,8547.833992,-1.714642206,22.39924708,22.01518014,3308.362405,3333.945597,0.77328869,8.520777821,8.586668032,666.6278783,568.8808221,-14.66291155,4.33861294,3.702445963,570.8833852000001,3.71547924,1862.286975,1833.856006,-1.526669601,4.796371018,4.72314628,1367.085335,1344.26833,-1.669025662,3.520965654,3.4621998339999998,7680.508841,19.7813605,582.9200137999999,1.501326432,196.6248872,0.506412772,30.80340001,0.079334999,18.83914937,0.048520744000000005,2.439962395,0.00628419,232.3226321,0.598353291
17083,IL,Jersey,3493.4676659999996,3597.688432,2.983304152,15.19890218,15.65233166,942.1409484,966.8340242999999,2.620953468,4.0989382139999995,4.206369477,71.67003265,188.3428156,162.79158619999998,0.811849033,2.1334709519999997,165.96711059999998,1.88000805,764.4087043,785.2916569,2.731909318,3.3256850310000003,3.41653973,684.7502243,698.9025171,2.066781761,2.979117791,3.040689655,3490.004101,15.18383338,20.14875277,0.087660443,34.38392155,0.149592872,19.77306095,0.086025934,6.137587022999999,0.026702576000000002,1.9969807119999998,0.008688191,59.62795366,0.25942116
17085,IL,Jo Daviess,4523.192176,4522.119361,-0.023718085,19.94528696,19.94055632,1229.581978,1399.8188400000001,13.84510059,5.421915417,6.172585061,301.8189907,349.6183567,15.8370969,3.0946271989999996,3.584726307,111.60782309999999,1.144343516,999.089883,999.0004818,-0.008948265,4.405546711,4.405152491,903.9441541000001,903.9441541000001,0.0,3.985995917,3.985995917,4370.168313,19.27051906,18.52912964,0.081705308,132.9629369,0.586308038,9.84145871,0.043396502,11.35111112,0.050053405,2.78569448,0.012283687,109.4436477,0.482598323
17087,IL,Johnson,2221.280305,2657.229906,19.62605078,17.65442938,21.11929666,1712.573607,1810.0878239999997,5.694016156,13.61129873,14.38632828,89.31341915,204.1078603,128.529892,1.948373018,4.452614755,55.95570901,1.22067428,214.12223250000002,315.21669130000004,47.21343392,1.701813961,2.505298771,179.917747,257.9094242,43.34851816,1.429961429,2.049828519,1679.185006,13.34593074,820.2605171,6.519317415,168.42696740000002,1.338634298,5.559241348,0.044184083,2.32628008,0.018488953,0.0,0.0,149.8988812,1.191375626
17089,IL,Kane,101402.5341,95265.82432,-6.051830795,19.67953323,18.48856118,17681.043569999998,19687.57342,11.34848087,3.43142001,3.820834053,1658.258718,1618.096734,-2.421937127,0.972705563,0.9491472459999999,2196.576975,1.288473639,27445.680780000002,27105.22676,-1.240464856,5.3264762260000005,5.26040316,10657.75116,9022.811687000001,-15.34037949,2.068385865,1.751087624,77701.65731000001,15.079823800000002,4829.505025,0.937278397,17244.15495,3.346631556,3392.0734090000005,0.658311175,352.4541107,0.068401963,39.24926197,0.007617237,8950.885259,1.737128618
17091,IL,Kankakee,16980.02674,14468.16151,-14.79305815,14.96710129,12.75300929,6447.577869,5215.460859000001,-19.10976548,5.683239049,4.597185395,1130.2178609999999,1018.7636630000001,-9.861302138,2.7226948539999998,2.454201688,948.5005057,2.284937741,4790.055408,4136.61816,-13.64153839,4.222210339,3.646235895,2144.477093,1874.7525210000001,-12.5776383,1.890256497,1.6525068719999998,10406.31082,9.172677436,3028.850242,2.669790163,1318.778569,1.162441775,109.7116291,0.09670568199999999,34.33049704,0.030260731000000003,1.9665162230000002,0.001733392,886.9917847999999,0.781841872
17093,IL,Kendall,27649.09975,17970.90354,-35.00365762,24.098016100000002,15.66282905,3634.314914,3483.6242460000003,-4.1463293960000005,3.16754542,3.0362085530000003,498.46824010000006,365.6281935,-26.64965104,1.310999527,0.9616227279999999,356.23789510000006,0.936925714,8236.504653,5340.28071,-35.16326482,7.17865766,4.654407257,2400.384971,1707.7355329999998,-28.85576463,2.0920939990000003,1.488404279,15546.21465,13.54955259,728.5791342,0.6350048229999999,2372.888555,2.0681290569999997,499.0633841,0.43496669200000004,55.71180166,0.048556514,10.48740737,0.009140468,1130.847175,0.985607983
17095,IL,Knox,7394.4751049999995,9509.965423,28.60906675,13.97319508,17.97079579,2259.6583969999997,3586.4935609999998,58.71839595,4.270032307,6.777326785,373.676475,428.2133545,14.59467831,1.7352053630000002,1.9884530040000001,426.1345806,1.9788000030000001,1385.876945,1932.435645,39.43775111,2.618864576,3.6516858689999996,1191.157604,1493.6957,25.39866219,2.2509072430000003,2.82260757,7755.357502,14.65514749,1185.054684,2.239374674,552.0404980000001,1.043180139,54.16132383,0.102347595,16.17141908,0.030558815,0.666488528,0.00125945,498.55400260000005,0.942107754
17097,IL,Lake,254429.6777,248067.6938,-2.500488139,36.16821914,35.26383711,36708.26105,40860.50673,11.31147475,5.218229421,5.808488125,3472.509079,3315.70819,-4.515492568,1.436630817,1.371759859,4926.209329,2.038049137,68070.68012,64112.4545,-5.814875964,9.676525544,9.113847586,28453.502630000003,25715.487709999998,-9.622769309,4.044781755,3.6555617380000003,203780.2507,28.96819596,11228.65073,1.5961986190000002,25693.88394,3.652490673,16749.61333,2.38102603,753.3114722,0.10708630599999999,131.7970627,0.018735491,15424.07019,2.192594652
17099,IL,LaSalle,26677.23223,23592.12785,-11.56455945,23.41669203,20.70865476,7383.252124,6949.685149,-5.872303528,6.480857522999999,6.1002818979999995,901.1643921,866.0346616,-3.898259949,1.9872635280000002,1.90979483,1155.943459,2.549106796,6367.642589,5648.393222,-11.29537905,5.589377646,4.958036254,4144.113093999999,3636.483486,-12.24941492,3.6376119989999998,3.192025812,22268.450409999998,19.5467596,287.3007696,0.25218634300000004,1795.863939,1.576370158,111.06228459999998,0.09748804900000001,65.96189681,0.057899913,2.103438311,0.001846352,857.2490518999999,0.752474502
17101,IL,Lawrence,2108.9579710000003,2393.502753,13.49219784,12.52871129,14.2191098,886.4136174,878.3501684,-0.909671155,5.265927745,5.21802512,126.06283700000002,104.2420401,-17.30946046,2.056490001,1.700522677,104.4028271,1.70314563,492.1603674,560.0228907000001,13.78870137,2.923782852,3.326934538,368.8682879,405.4378573,9.913991154,2.191340153,2.408589422,2345.2502329999998,13.93245549,8.797923719,0.052265927999999996,18.07717715,0.10739129800000001,1.727729773,0.010263944,3.788500555,0.02250639,1.0,0.005940712,32.9383672,0.195677343
17103,IL,Lee,3793.3324270000003,3915.666388,3.224973378,10.52796877,10.86749296,1044.4504630000001,1209.463001,15.79898178,2.898755135,3.356728931,285.2270122,367.0908397,28.70128845,2.0731720609999997,2.668199155,199.75093940000002,1.451889369,921.0794317,920.5626681,-0.056104130999999995,2.556352673,2.554918454,544.749373,560.1628847999999,2.8294684830000003,1.511890797,1.55466927,3530.519703,9.798561526,184.7565456,0.512771074,182.0373501,0.505224252,34.70331204,0.096315151,6.2508858,0.017348633000000002,2.0,0.0055507759999999995,157.4359222,0.43694574700000005
17105,IL,Livingston,3338.152072,3290.496718,-1.427596859,8.570351918,8.448001844,994.5732688999999,952.0257562999999,-4.277966641,2.553461538,2.444225305,244.66921630000002,319.9165016,30.75470073,1.674325712,2.1892595740000003,131.1036953,0.897171664,772.8948659,765.2996815,-0.9826930859999999,1.984325715,1.964825883,601.7089591,598.3169343999999,-0.56373179,1.5448240290000002,1.536115364,3213.714414,8.25087141,17.32437805,0.044478505999999994,71.37366949999999,0.183244338,7.473299107000001,0.019186903999999998,6.67912127,0.017147937,0.0,0.0,45.30550646,0.11631709
17107,IL,Logan,9651.77792,11044.531490000001,14.43002094,31.84879696,36.44458503,1894.9463629999998,3125.915775,64.96064672,6.252916558,10.31485159,162.95723590000003,257.5659367,58.05737947,1.472061752,2.326702229,401.7953605,3.629587719,1530.120056,1915.781316,25.20464057,5.049067994,6.321667434,1292.338792,1483.927938,14.82499378,4.264440826,4.896643913,8998.916199,29.69449331,1602.237402,5.28703977,476.4649699,1.572232206,58.25335931,0.19222359100000003,24.00168288,0.079200405,0.0,0.0,361.1228168,1.19162784
17109,IL,McDonough,9394.390718999999,4131.322307,-56.02352051,28.80654581,12.66810471,5670.836349,2195.357144,-61.28688946,17.38880274,6.731746426,413.2298938,221.13124720000002,-46.48711275,3.164814994,1.69358388,184.57595419999998,1.413616866,1255.4465189999999,637.7349738,-49.20253757,3.8496458939999996,1.9555224269999998,977.2938529999999,602.5812531,-38.34185581,2.9967308139999997,1.847728606,3658.101553,11.21704143,218.5469978,0.670142886,110.5347794,0.33893897799999995,156.51258810000002,0.479923305,1.20686297,0.0037006709999999996,0.535226412,0.001641195,96.41909194,0.29565525600000003
17111,IL,McHenry,133010.8852,133295.4415,0.21393457600000002,43.07905337,43.17121436,19724.203680000002,21858.32596,10.81981468,6.388199145,7.079390452999999,1628.801789,1578.460875,-3.0906715730000003,1.491590389,1.445490229,2328.728565,2.132554845,39164.44347,39048.65,-0.29565968600000003,12.68442916,12.64692641,10391.16777,10461.33248,0.6752341190000001,3.365451409,3.388176085,120133.867,38.90849432,1452.9053210000002,0.470561381,13706.15611,4.439097069,3971.716593,1.286344278,424.09316849999993,0.13735366300000001,31.27862405,0.0101304,7281.580725,2.358330329
17113,IL,McLean,46402.83411,46496.12917,0.201054652,27.36467938,27.41969734,13951.16415,16606.166409999998,19.03068613,8.227280535,9.792988471000001,1074.243577,1507.218344,40.30508316,1.650042358,2.3150933030000003,1865.2585,2.86504439,10859.696909999999,10732.140940000001,-1.1745812709999999,6.404180472,6.328958168,3586.9783490000004,3687.453215,2.801100419,2.115312876,2.174564913,38272.042839999995,22.56978914,3950.8632299999995,2.329903068,2650.824,1.5632439319999998,1976.930485,1.165835448,112.5692131,0.066384316,20.05570777,0.011827252,2163.667777,1.275958164
17115,IL,Macon,33166.94912,29815.59034,-10.10451327,29.94271732,26.91715147,10005.79215,8167.648309,-18.37079778,9.033107172000001,7.37365332,1232.023974,874.6490610999999,-29.00713951,2.686782192,1.9074235330000002,1013.3837980000001,2.209974481,7684.817076,6437.744153000001,-16.22775027,6.937759169,5.811916937,5589.085834,5419.447276,-3.035175395,5.045758553,4.892610931,26055.96029,23.5230033,2695.8060140000002,2.433740804,442.4425273,0.39943172,379.99694460000006,0.343056609,56.79991841,0.051278274000000006,7.448507485,0.006724422,619.5786347,0.559348038
17117,IL,Macoupin,4407.256796,7698.457055,74.67684348,9.226958643,16.11736011,1542.936995,2953.916341,91.44763201,3.2302669219999998,6.184269531,398.43889310000003,556.5396716,39.68005667,2.055822161,2.87157356,623.6225417999999,3.217700541,1106.0277039999999,1872.033095,69.25734218,2.315560984,3.919256978,682.2128408,1255.186341,83.9874986,1.42826932,2.627836996,7564.263056999999,15.83641381,17.73258514,0.037124642,75.31893399,0.157686452,20.26381222,0.042423975999999995,18.98330968,0.039743138,1.26441892,0.002647166,75.94988009,0.159007391
17119,IL,Madison,85508.78647,96436.75952,12.77994169,31.754364000000002,35.8125532,25959.868590000002,32491.753960000002,25.16147315,9.640402475,12.06606976,2199.776246,3282.269414,49.20923985,2.035058602,3.0364954710000003,5654.709106,5.231288606000001,18906.245890000002,21811.18139,15.36495148,7.020983908,8.099754678,12123.86391,13595.01175,12.13431501,4.502292731,5.0486151139999995,82464.29482000001,30.62376795,9848.731833,3.6574044430000003,3013.1053739999998,1.118940506,894.5590177000001,0.332201565,249.5923465,0.092688091,46.52577136,0.017277713,2933.0555489999997,1.089213371
17121,IL,Marion,10002.69918,10749.33654,7.464358872999999,25.36374262,27.25698339,4434.785321,4926.343552,11.08414942,11.24524006,12.49167927,476.8138514,564.4310827,18.37556333,2.952773417,3.4953621669999997,937.0159269999999,5.802674802,2324.268872,2509.533428,7.970874546,5.8936249510000005,6.3633984020000005,1721.234064,1828.0526550000002,6.2059305810000005,4.364515719,4.635374533999999,10181.13694,25.81620545,280.5049067,0.71127344,166.08920869999997,0.421150718,36.2826185,0.09200146699999999,38.33641982,0.09720927,2.000000015,0.00507138,211.0756392,0.535222353
17123,IL,Marshall,1718.462525,2340.826266,36.216311499999996,13.59543137,18.51919514,520.1830263,770.2907897999999,48.08072369,4.115372043,6.094072703999999,110.933981,97.32057682,-12.27162681,2.149466789,1.8856922459999998,77.29127129,1.497602621,438.61656289999996,557.4923788,27.10244575,3.4700677439999996,4.410540972,319.8560327,430.42116160000006,34.56715448,2.530506588,3.4052307089999996,2285.992659,18.08538496,10.00000001,0.079113924,29.22431168,0.231204997,10.83361229,0.085708958,4.0,0.03164557,0.0,0.0,29.99999982,0.237341771
17125,IL,Mason,1035.316087,4562.935279,340.7287144,7.059294195,31.11233655,408.7604809,1786.899666,337.1507887,2.787129967,12.18396063,71.72337174,224.0502379,212.38107250000002,1.179854775,3.6856429989999997,259.5111079,4.268976935,231.70734869999998,1106.867371,377.7005895,1.579894645,7.547166034,182.2296991,726.6833024,298.7732548,1.2425317,4.954884102,4458.279512,30.39874207,9.783382968,0.06670791599999999,40.34660621,0.275103002,18.99165649,0.129494453,13.68604406,0.093318178,0.0,0.0,62.19468034,0.424073915
17127,IL,Massac,1942.607968,1525.035646,-21.49544987,12.59062783,9.884215735,595.7977662999999,674.7936151,13.25883602,3.861544924,4.373540833,177.20588590000003,158.32883759999999,-10.65260795,2.7853801610000004,2.488664533,123.2197091,1.936807751,407.0358291,317.251492,-22.05809187,2.638121908,2.056202554,464.90818039999994,377.5052241,-18.80004696,3.013210061,2.446725155,1378.598141,8.935110123,98.83562889,0.640583504,34.11888952,0.22113480800000002,3.724691149,0.024140846,5.724013043999999,0.037099054,0.0,0.0,38.15317102,0.247282203
17129,IL,Menard,350.8690643,350.8690643,0.0,2.7616612689999998,2.7616612689999998,41.90123787,57.13991119,36.36807429,0.329801164,0.449743496,68.54980246,139.84194409999998,104.0005063,1.333653744,2.72066039,14.24013541,0.27704543600000003,57.10987195,57.10987195,0.0,0.44950706,0.44950706,86.25252272,86.25252272,0.0,0.6788864440000001,0.6788864440000001,345.88832260000004,2.722458265,1.643202992,0.012933513999999998,4.509333256000001,0.035492588,0.328640424,0.002586701,1.05833273,0.008330049,0.0,0.0,1.950566975,0.015352751000000001
17131,IL,Mercer,3782.957667,2967.64025,-21.55238014,23.01909253,18.0579302,1472.9705210000002,1160.460986,-21.21627897,8.96294585,7.061342255,238.5947631,226.0162267,-5.271924758,3.543135775,3.356344323,105.1734649,1.561827515,797.2822252999999,602.7441455000001,-24.40015262,4.851419163,3.667665483,838.2102394,708.4657014,-15.47875841,5.1004639119999995,4.310975425,2919.552572,17.76531929,16.45666431,0.100137911,47.77677468,0.290719087,3.624652088,0.022055812,0.075392671,0.00045876,0.0,0.0,27.93096934,0.16995843600000002
17133,IL,Monroe,6575.672536,9635.495061,46.53246506,19.95227884,29.23656601,1053.834389,1702.561234,61.5587091,3.1976041160000004,5.166007933,204.8670205,293.6817211,43.35236605,1.627349436,2.33284392,92.47683459999999,0.7345844359999999,1634.782074,2337.206711,42.96747854,4.960348557,7.091685259,813.7402162000001,1272.4360179999999,56.36882544,2.469096751,3.860897589,9427.159482,28.60442237,32.43797235,0.098425137,133.3784769,0.404704545,51.50118133,0.156267808,16.21064168,0.049187249,4.717154235,0.014313056999999999,103.46860799999999,0.31395032300000003
17135,IL,Montgomery,4562.275361999999,7125.796781,56.18953736,15.15504704,23.67059786,1745.072334,2279.774246,30.64067325,5.7968121660000005,7.57299444,313.36336600000004,402.5304211,28.45484338,2.6893526089999997,3.4546036819999997,462.6492961,3.970556953,995.9133241000001,1575.2829980000001,58.17470856,3.308242506,5.232802943,1013.9123289999999,1526.045224,50.51056982,3.368031921,5.069244036000001,6912.278325,22.96132848,59.14554328,0.196470712,109.00777430000001,0.362103954,22.81493957,0.07578707,15.701690300000003,0.052158153,0.0,0.0,115.8562692,0.384853406
17137,IL,Morgan,8929.539707,11483.36711,28.59976539,25.12037501,32.30474333,3135.088194,4688.399423,49.54601377,8.819557753,13.18929705,293.6968823,405.9560133,38.22278607,2.08236587,2.878304122,683.8242504,4.848441933999999,2163.291929,2839.5661600000003,31.26134858,6.085722927999999,7.988201987,1712.4193850000001,2041.0081,19.18856547,4.817338694,5.741716883,10579.96325,29.76330844,552.2062952,1.553454005,189.0208726,0.5317491560000001,49.81894829,0.140149516,28.87789431,0.081238626,0.0,0.0,272.5007236,0.766592747
17139,IL,Moultrie,439.0774518999999,448.6023212,2.169291378,2.9575471639999997,3.021704979,114.25492849999999,117.2134595,2.589412143,0.7696007579999999,0.789528894,334.0035898,402.4983053,20.50717944,5.800687561,6.990244968,21.03902952,0.3653878,90.65929703,90.71443299,0.060816663,0.6106648060000001,0.6110361910000001,91.79392271,95.778751,4.341058947,0.618307441,0.645148532,439.7446876,2.962041544,3.643932322,0.024544876,0.680304267,0.004582408,0.9453727009999999,0.006367861,0.409298345,0.00275696,0.0,0.0,3.859031911,0.025993749
17141,IL,Ogle,6654.203387,9409.037029000001,41.39990141,12.43846082,17.58797134,1645.74005,2928.294471,77.93177426,3.07632213,5.473754549,324.1081595,518.5575654,59.99522082,1.5540283830000001,2.486371142,354.198992,1.698307403,2023.0290539999999,2662.847818,31.62677086,3.7815747689999997,4.9775647560000005,587.6620007,1107.5833220000002,88.47285014,1.098495244,2.070365295,8437.841945,15.77255163,145.97299719999998,0.272862024,1511.538679,2.8254643789999996,31.72265542,0.059298008,28.93224717,0.054081999000000006,4.000000119,0.007477055,760.5671731000001,1.421700606
17143,IL,Peoria,55264.6543,47562.3493,-13.93712689,29.63347577,25.50342065,13011.435870000001,12759.5532,-1.935855993,6.9768656710000005,6.8418035989999995,1639.900457,1604.0056949999998,-2.188837875,2.1636568780000003,2.116297936,1660.525509,2.190869222,13135.65793,11325.34967,-13.7816337,7.04347482,6.07276892,8382.389363,7189.219456,-14.23424581,4.494723349,3.8549333789999998,37423.00536,20.06660019,6056.240831,3.247418593,1347.275795,0.7224231320000001,2332.460149,1.25068911,95.43186535,0.051171547000000005,15.02387719,0.008055956999999999,1640.187191,0.8794852329999999
17145,IL,Perry,4608.847481,4795.014406,4.039337925,20.62124153,21.45420316,2093.265183,2168.080964,3.57411866,9.365839745,9.700585971,229.4737801,225.93712889999998,-1.541200598,2.753134735,2.7107034060000004,477.56184069999995,5.72959617,1163.519252,1203.247388,3.414480342,5.205902694,5.383657218,722.4048237000001,765.463847,5.960511605,3.2322363480000003,3.42489417,4345.686035,19.44378539,274.2696728,1.227157373,78.16867662,0.349747994,17.21642704,0.07703099299999999,10.43842048,0.046704342,4.393415943,0.019657342,143.0104337,0.639867712
17147,IL,Piatt,511.2756643,507.1920387,-0.798713063,3.0562237089999997,3.0318132510000004,74.023812,115.3219048,55.79028114,0.44248796700000004,0.689353248,91.98405546,109.8455544,19.41803813,1.356296896,1.619663144,14.82532272,0.218598094,120.259786,119.1569045,-0.9170825220000001,0.718870142,0.7122775090000001,77.20804668,76.94606614,-0.33931766799999996,0.46152218700000003,0.45995616100000003,490.3529704,2.9311553010000004,0.39419259,0.002356343,3.3798207939999996,0.020203363999999998,4.4651335780000005,0.026690977,0.242607102,0.001450219,0.610252082,0.003647869,11.12688023,0.066512525
17149,IL,Pike,3952.5830990000004,3030.022544,-23.34069978,24.05710955,18.44201183,1641.77165,1450.3942359999999,-11.65676202,9.992523737,8.827719025,161.679775,155.0303231,-4.112729553,2.435303133,2.3351457019999997,155.7416552,2.3458601480000003,959.5361611,731.2749251,-23.78870597,5.840147055,4.450851644,735.3178101,559.7902174,-23.87098345,4.475458369,3.407122443,3001.215999,18.26668289,6.361953572999999,0.038721568,23.64559286,0.143917181,1.962502151,0.011944627,1.117043711,0.006798805,0.99405437,0.00605024,18.37099177,0.111813705
17151,IL,Pope,1327.660699,1081.894916,-18.51118911,29.70158164,24.20346569,360.29961539999994,341.48704680000003,-5.221367947,8.060394081,7.639531248,100.24191440000001,62.54857991,-37.60236892,5.480695154,3.419823943,37.41799781,2.045817267,223.4338986,178.28334850000002,-20.20756491,4.998521221,3.9884418,311.4850624,259.6358597,-16.64580713,6.9683459160000005,5.808408494,1039.063185,23.245261399999997,20.05038751,0.44855453,6.732981933,0.150625994,2.1820391519999998,0.048815194000000006,2.7749513660000003,0.062079449,0.0,0.0,17.82435597,0.398755167
17153,IL,Pulaski,3550.7612340000005,1284.1333439999999,-63.83498469,57.63287183,20.84293692,1464.289213,591.0319082999999,-59.63694173,23.76707049,9.593116512,313.4760441,224.5699153,-28.36137896,11.86510387,8.499996794,125.85568359999999,4.763651916000001,745.4335120000001,298.08173819999996,-60.01229709,12.09922922,4.838203833,714.0562236000001,267.6560467,-62.51611038,11.58994033,4.344360439,900.1494023,14.61044315,327.136362,5.309793247,21.37350502,0.34691616700000005,6.445580579,0.104619065,9.439585222,0.153215147,0.0,0.0,40.962413899999994,0.664866319
17155,IL,Putnam,0.002969865,655.8607068,22083757.71,4.94483e-05,10.92009169,0.000589104,131.6591249,22348934.36,9.8086e-06,2.192126622,41.26595549,42.10403745,2.0309282680000003,1.6447172380000001,1.678120265,25.33595373,1.009802859,0.0,95.08073154,,0.0,1.5830957630000002,0.002969865,183.5909696,6181695.627,4.94483e-05,3.0567927010000004,644.8607038,10.73694146,0.0,0.0,13.96784944,0.232564926,1.999999963,0.033300033,0.0,0.0,0.0,0.0,8.999999808,0.149850147
17157,IL,Randolph,4448.414919,3835.8462600000003,-13.77049285,13.28837053,11.45849642,1218.338433,1124.303048,-7.7183303489999995,3.6394385010000003,3.358534615,385.51487210000005,327.74577569999997,-14.98492034,3.13070385,2.661570373,167.05244409999997,1.356605848,942.5751881000001,801.2241293999999,-14.99626348,2.815674477,2.393428514,970.5387586,698.2764599999999,-28.05269714,2.8992076669999998,2.085901721,3430.9093729999995,10.24886298,267.07535559999997,0.7978114340000001,158.4967992,0.473463972,15.23625153,0.045513955,7.417818334,0.022158616000000003,2.03863566,0.006089842,113.16880220000002,0.338059512
17159,IL,Richland,803.0791174999999,939.4483115,16.98079193,4.947200872,5.787274758,336.59344310000006,378.665513,12.49937301,2.0735134790000003,2.332689663,96.76482297,55.38678786,-42.76144351,1.438668198,0.823472909,52.33400104,0.778085059,149.7807382,184.8727514,23.42892261,0.922692898,1.138869903,180.26099069999998,206.0085777,14.28350469,1.1104601159999998,1.269072739,917.6638306,5.653076021,4.44626677,0.027390296,3.9320977010000004,0.024222865,6.436324425,0.03964963,3.644796398,0.022453006,0.0,0.0,7.257100362999999,0.044705848
17161,IL,Rock Island,30119.618260000003,26107.866430000002,-13.31939799,20.41371387,17.69473007,9892.412322,9350.840763,-5.474615702,6.704629282999999,6.337576595,1218.20288,1283.401875,5.352063804,1.987183139,2.093538449,1437.758083,2.345330707,7020.7064900000005,6197.315272999999,-11.72803931,4.7583170610000005,4.200259765,4418.740177000001,3572.216925,-19.15757021,2.9948220739999996,2.4210869319999997,20454.08094,13.86285019,2984.277638,2.0226082969999997,3439.5135619999996,2.331146599,343.2452505,0.23263609300000002,70.58485405,0.047839219,1.764284631,0.001195752,2253.913439,1.5276005030000002
17163,IL,St. Clair,112882.8529,90848.9465,-19.51926782,41.79979444,33.64078061,39893.073710000004,32343.97744,-18.92332571,14.77214863,11.97676683,4783.882404,3421.119758,-28.486541499999998,4.554126711,3.2568135160000002,5629.145577,5.358794400000001,29806.09539,24119.20121,-19.07963492,11.03700543,8.93118509,13593.487340000001,10549.880879999999,-22.39018132,5.033580939,3.90655304,59832.62424,22.15563596,26008.77918,9.63088366,3516.678212,1.302203325,1204.7723050000002,0.44611943600000004,238.8752694,0.08845397599999999,83.28470121,0.030839789,3480.6108240000003,1.288847804
17165,IL,Saline,8689.189195,9727.975604000001,11.95492912,34.87813268,39.04778872,4112.619204,4920.209919,19.636895000000003,16.50792439,19.74956817,496.0973991,624.7914501,25.94128718,4.779818856,6.019765392,1043.491104,10.05386939,2051.192215,2300.397257,12.14927788,8.233421164,9.23372238,1563.592327,1755.741203,12.28893702,6.27621052,7.047490077999999,8888.157734,35.67678615,563.3181129,2.261141223,149.43381499999998,0.599822643,24.81306919,0.099598881,31.05033654,0.124635076,2.99999994,0.012041906000000002,217.63637250000002,0.873585568
17167,IL,Sangamon,62373.15405,47888.05043,-23.22329829,31.58694151,24.25141186,14002.040930000001,10206.99675,-27.103507300000004,7.090897592999999,5.169015646,1804.996225,938.9819484,-47.97873062,2.175061125,1.131494407,1299.45077,1.56586746,14489.1163,11432.03457,-21.09915931,7.337561746,5.789397903999999,8524.481148,6664.6230350000005,-21.81784533,4.316958017,3.375090793,44221.78288,22.39474483,1772.4816899999998,0.897618155,678.1013464,0.34340331,946.4101652,0.479279956,75.461692,0.038215224,4.262455192,0.002158588,867.6515773,0.439395122
17169,IL,Schuyler,1055.323431,1067.167517,1.122318124,13.988910800000001,14.14591089,431.94049060000003,269.4877505,-37.60998185,5.725616259,3.572213023,83.65485692,32.852660300000004,-60.72832886,2.751804504,1.080679615,21.0338817,0.691904003,237.7495955,239.6971486,0.819161493,3.1515057730000002,3.177321695,201.99041200000002,204.55977190000002,1.272020695,2.677497508,2.711555831,1049.398884,13.91037758,3.024759889,0.040094908,5.168148423,0.068506739,0.0,0.0,0.9999999629999999,0.013255567,0.0,0.0,13.74387339,0.18218283899999999
17171,IL,Scott,223.34101099999998,222.81403050000003,-0.235953306,4.170700485,4.160859578999999,51.1189159,67.64509459,32.32889118,0.954601604,1.263213718,32.44433118,60.42274391,86.23513484,1.465416946,2.729121225,10.81929323,0.48867629799999995,46.58823501,46.51709746,-0.152694248,0.869995052,0.8686666190000001,38.64049164,38.64049164,0.0,0.7215778079999999,0.7215778079999999,217.8140307,4.067488902,0.0,0.0,10.00000011,0.186741365,4.000000119,0.074696548,0.0,0.0,0.0,0.0,1.000000045,0.018674137
17173,IL,Shelby,3526.946297,5434.018993,54.07149799,15.77134685,24.29915035,1309.370661,2034.4186760000002,55.37377898,5.8550760660000005,9.097252946000001,331.6421597,340.5060421,2.672724857,3.59854774,3.69472702,272.0808706,2.952266391,902.2041197000001,1198.409626,32.83131826,4.034360863,5.358894717,609.7752507,1145.093033,87.78935879,2.7267148889999997,5.120480406,5357.204484000001,23.95566107,5.693078999,0.025457582000000003,48.46028415,0.216698494,19.17492319,0.08574396599999999,9.103763642999999,0.040709045,2.999999873,0.013415015,39.84274158,0.17816367
17175,IL,Stark,1799.4145469999999,1799.4145469999999,0.0,30.02026271,30.02026271,584.2845694,562.1870619,-3.7819769069999998,9.747823981,9.379163529,58.99348279,112.38564720000001,90.50519128,2.43272094,4.634459679,64.17105591,2.64622911,486.7059909,486.7059909,0.0,8.119886402,8.119886402,310.17154039999997,310.17154039999997,0.0,5.174700373,5.174700373,1753.5800989999998,29.25559057,8.887350101000001,0.148270772,26.24323015,0.43782499399999997,1.01262134,0.016893916000000002,2.656896875,0.044325940999999994,0.0,0.0,33.27757845,0.555181489
17177,IL,Stephenson,4193.938822,3553.0670090000003,-15.28090516,8.790297463,7.447060444,1256.765937,1028.9255380000002,-18.12910359,2.634121978,2.156579276,445.74333909999996,380.2772945,-14.68693728,2.246124158,1.9162373119999998,206.8242781,1.042198428,684.5680167,541.4858104,-20.90109424,1.434822193,1.134928655,1257.485775,1206.830262,-4.028316932,2.635630724,2.529459165,3135.792715,6.572473255,278.3243195,0.583354613,60.18886011,0.126153005,27.82691259,0.058323892999999995,8.752514271,0.018344856,2.539960392,0.005323636999999999,99.83058741,0.20924019100000002
17179,IL,Tazewell,54675.35872999999,58387.713279999996,6.789812886,40.38240891,43.12429892,11694.51621,13776.80368,17.80567429,8.6373962,10.17534284,1453.6913279999999,1463.0817,0.645967376,2.6847621760000004,2.702104864,2056.135253,3.797390857,12503.205590000001,13307.1512,6.429915946,9.234682176,9.828464477999999,8808.873558,9346.343543,6.1014610010000006,6.506103341,6.903070699,55950.7017,41.32435832,657.7951191000001,0.485837717,1194.37967,0.882151107,450.8559876,0.332995545,177.62807809999998,0.131193464,14.31338218,0.010571651999999999,1136.419081,0.8393422759999999
17181,IL,Union,1402.490291,2362.236292,68.43156109,7.875619335,13.26502859,692.9102978,965.3582451,39.31936763,3.891005715,5.420924557,251.693383,249.2309017,-0.978365512,3.5118373519999997,3.477478746,185.99701169999997,2.595186434,304.5785503,505.7902807,66.06234425,1.7103467559999999,2.8402419180000003,259.195828,474.64581789999994,83.122476,1.455502179,2.6653516280000003,2267.971414,12.73568853,27.35755673,0.15362509400000002,59.54888264,0.334393995,7.613224663,0.042751711,12.26695155,0.068884499,1.889260203,0.010609053,45.13789085,0.253469738
17183,IL,Vermilion,14336.8185,11870.961879999999,-17.19946874,17.56424931,14.54329174,5608.554998,4669.3462899999995,-16.74600157,6.87112404,5.720485501000001,1066.880212,818.5471692000001,-23.27656285,3.267126665,2.506651873,771.6718103999999,2.36310461,3506.059924,2834.87309,-19.14362126,4.295326093,3.473045134,2606.722703,2075.670501,-20.37240866,3.193534705,2.542934764,10864.690120000001,13.31049326,508.90115310000004,0.623462362,481.25847360000006,0.589596905,93.40559515,0.11443258199999999,23.21136285,0.028436585,4.0,0.004900459,376.75363569999996,0.461566476
17185,IL,Wabash,1006.7577970000001,1022.767208,1.5901949290000001,8.426866971,8.560870582,237.73288419999997,217.8014548,-8.383959808,1.989896076,1.823063989,42.09316714,47.19784211,12.12708693,0.839847708,0.94169677,49.69541064,0.991528544,224.87671969999997,226.134855,0.559477795,1.8822860940000001,1.892817067,193.6321862,197.521527,2.008623085,1.6207599080000001,1.6533148659999999,984.0785467000001,8.237034793,10.53907363,0.08821523099999999,16.80294757,0.14064574800000001,3.321981389,0.027805987999999997,0.9050242829999999,0.007575327,0.0,0.0,23.92257102,0.200239148
17187,IL,Warren,127.77846940000002,1177.385696,821.4272967,0.721626867,6.649266934,46.7891615,620.0353872999999,1225.168837,0.264241043,3.501639958,112.0653808,67.51486826,-39.75403665,1.619910102,0.9759304459999999,90.37507998,1.306375831,27.89614485,299.43494910000004,973.3918638,0.157543033,1.6910540980000002,19.21836785,188.2049561,879.2972930999999,0.10853542599999999,1.062884487,1024.276762,5.784586674,43.96338423,0.248282511,120.05311189999999,0.677998034,10.49688806,0.059281007999999996,4.323540118,0.024417124,0.0,0.0,94.32511566,0.532699586
17189,IL,Washington,1628.931493,1627.927995,-0.061604692999999995,11.0691186,11.0622995,619.6937779,588.6540031000001,-5.00888922,4.211020508,4.000095155,92.12645953,100.61727359999999,9.216477129,1.554614572,1.6978952680000001,60.61164041,1.022808647,325.0268166,325.0268166,0.0,2.2086627930000002,2.2086627930000002,285.6427644,285.6293237,-0.004705397,1.941035365,1.940944032,1598.210832,10.86036173,12.31147948,0.083660502,23.42154423,0.159157001,0.999999993,0.006795325,1.9999999330000002,0.013590649,0.0,0.0,14.40568391,0.097891301
17191,IL,Wayne,3415.894828,3358.7802890000003,-1.672022757,20.38123406,20.04045519,1242.078109,1192.943496,-3.9558392560000004,7.41096724,7.117801288,181.1202756,186.6326265,3.0434753519999997,2.55027141,2.6278882919999997,112.99586809999998,1.591042918,839.8707478,838.1055139,-0.210179224,5.011161979,5.000629558,624.3927342999999,604.5460546,-3.178557128,3.725493642,3.607076698,3305.153748,19.72048776,7.27915462,0.04343171,24.43544558,0.145796215,11.63265654,0.069407259,2.000000022,0.011933174,0.0,0.0,32.71472927,0.195195282
17193,IL,White,4384.115611,4287.55162,-2.2025877130000002,29.89509452,29.23662884,2018.7186100000001,2074.9990940000002,2.7879310810000004,13.76555479,14.14932897,389.0392443,269.7623877,-30.65933793,6.16250981,4.273125102,280.2940316,4.439949811,994.6338742999999,883.9924632000001,-11.123833,6.782365321,6.0279063289999995,771.9074522000001,968.2556276,25.43675085,5.263603493,6.6024931989999995,4173.154317,28.45655859,29.79280154,0.20315582399999998,82.61636729,0.563357431,11.33189727,0.077271717,15.97550647,0.10893628699999999,4.000000043,0.027275827000000002,53.29710403,0.363430645
17195,IL,Whiteside,9949.308567,13051.78953,31.18288013,17.00794654,22.31151412,2899.035711,4190.199184,44.53768776,4.955786028,7.162978536000001,432.5484541,619.7099472,43.26948606,1.8220238169999998,2.610404158,567.7714153,2.391623485,2174.867714,2850.4612190000003,31.06365972,3.7178496930000002,4.872749871,2002.385948,2581.977149,28.94502937,3.4229989880000002,4.41378705,12310.613809999999,21.04450376,120.76440900000001,0.206441945,1050.573498,1.7959135309999998,44.93561231,0.076815639,41.35239438,0.07069027,2.485252036,0.0042484390000000006,531.6380576,0.908814075
17197,IL,Will,242455.2525,217703.4423,-10.20881581,35.78358411,32.13050392,39035.00415,38860.66651,-0.44661873700000004,5.76111402,5.735383805,2895.276683,2816.791235,-2.710809933,1.28532722,1.250484442,4758.864079,2.112646979,71044.28893,64040.59575,-9.858207156,10.48531332,9.451649411,20950.031909999998,18633.87275,-11.05563548,3.0919818039999996,2.750143566,166260.3268,24.53809652,27276.780110000003,4.025736483,27551.80323,4.066326706,9460.538303,1.3962657630000002,572.6299302,0.08451353800000001,43.93601061,0.006484446,14089.230969999999,2.079407133
17199,IL,Williamson,11942.92402,9594.145863,-19.66669264,17.99798668,14.45837796,4009.9342840000004,2963.052825,-26.1071974,6.042971026,4.465320652,656.2479687000001,550.0258263999999,-16.1862813,2.393231351,2.005856192,466.6227923,1.70169867,2852.668916,2293.812319,-19.59065751,4.298972098999999,3.456775199,1894.105466,1400.463534,-26.06200875,2.854416966,2.110498566,8980.881209000001,13.53418812,266.9106996,0.402234428,181.5632199,0.273615775,78.77801338,0.118718467,17.59473065,0.026515259,0.299665004,0.000451595,249.6815424,0.37627008799999995
17201,IL,Winnebago,72887.04431,76322.41292999999,4.713277439,24.68521412,25.84869674,18359.46364,21679.88567,18.08561564,6.2179403120000005,7.342493097,1384.367488,1585.066771,14.49754382,1.198576192,1.372340301,3011.474402,2.607314571,17670.24154,18420.95434,4.248458053999999,5.98451618,6.23876584,9336.973408,9754.134875,4.467844655,3.16222437,3.303507642,65636.1001,22.22948125,4561.374048,1.54483552,5997.358292,2.031171314,1729.3274989999998,0.5856846029999999,208.3487834,0.07056308,23.75632577,0.008045736999999999,4163.5062100000005,1.41008657
17203,IL,Woodford,2900.696181,4535.317178,56.35271314,7.502317868,11.73007753,424.2892562,692.6955332,63.26021059,1.0973754820000001,1.7915775219999999,176.8970928,235.5284773,33.144346,1.239122253,1.64982122,71.88942123,0.503568375,738.1646002,1189.200785,61.10238617,1.909178047,3.075731391,476.02635989999993,667.9059592,40.30860797,1.231187565,1.7274621330000002,4405.207254,11.39356314,25.627769600000004,0.066283286,55.68432884,0.144021128,34.65891194,0.08964129900000001,3.580628574,0.009260885,2.035679698,0.005265051999999999,64.20695639,0.166063926
