CENSUS TRACT,White receiving,White not receiving,Black receiving,Black not receiving,American Indian receiving,American Indian not receiving,Asian receiving,Asian not receiving,Pacific Islander receiving,Pacific Islander not receiving,Other race receiving ,Other race not receiving,Two or more races receiving ,Two or more races not receiving,Hispanic/Latino receiving,Hispanic/Latino not receiving
17031010100,92,1066,279,724,0,0,0,28,0,0,16,21,46,44,50,165
17031010201,273,1106,414,500,0,15,0,51,0,0,77,128,87,37,140,373
17031010202,100,325,86,345,0,14,23,46,0,0,23,123,0,17,63,188
17031010300,164,1720,166,662,0,0,12,16,0,0,85,75,43,94,62,356
17031010400,208,1240,69,254,0,0,0,89,0,0,0,17,0,61,8,85
17031010501,337,1115,114,562,0,0,0,64,0,0,0,120,15,98,0,231
17031010502,99,863,75,363,0,0,6,63,0,0,0,30,0,9,11,74
17031010503,109,529,71,59,0,0,85,37,0,0,0,8,31,39,6,48
17031010600,227,1729,138,398,0,0,0,89,0,0,0,182,0,112,80,404
17031010701,148,858,58,181,0,0,52,98,0,0,0,40,15,9,82,140
17031010702,162,1094,141,371,0,0,37,75,0,0,40,104,26,10,130,380
17031020100,30,675,85,308,0,0,59,118,0,0,65,131,11,74,76,204
17031020200,77,1227,147,269,0,0,118,228,0,0,10,45,0,14,31,205
17031020301,233,1474,0,70,0,12,17,143,0,0,26,32,0,18,35,98
17031020302,122,1193,68,92,7,0,27,146,0,0,0,18,9,54,61,140
17031020400,78,1016,41,254,0,0,36,158,0,0,0,41,7,38,21,222
17031020500,221,634,68,313,0,0,213,391,0,0,16,102,75,102,98,384
17031020601,254,962,75,51,0,116,287,104,0,0,0,74,0,56,0,78
17031020602,100,729,60,52,0,0,89,280,0,0,0,57,2,52,48,136
17031020701,15,462,29,11,0,5,7,86,0,0,6,0,0,10,6,65
17031020702,379,1180,46,176,0,0,196,263,0,0,54,49,0,0,95,313
17031020801,262,1307,16,26,0,0,157,272,0,0,0,35,0,87,17,412
17031020802,241,867,124,181,6,37,250,412,0,0,0,38,130,37,62,301
17031020901,170,750,79,259,0,0,145,281,0,0,23,51,56,57,89,272
17031020902,224,728,65,157,0,0,104,271,0,0,24,24,0,19,74,208
17031030101,152,1071,130,244,0,0,0,237,0,0,0,51,0,62,0,301
17031030102,46,1015,38,253,0,20,15,216,0,0,7,119,0,39,7,115
17031030103,15,532,13,229,0,0,0,111,0,7,0,9,0,0,0,122
17031030104,86,666,0,100,0,0,21,160,0,0,0,25,0,14,16,65
17031030200,39,2163,0,99,0,0,10,79,0,0,0,67,0,48,10,265
17031030300,186,765,43,108,0,14,9,190,0,0,38,36,18,75,113,241
17031030400,180,939,27,9,0,27,33,40,0,0,0,24,0,28,72,294
17031030500,83,2358,21,77,0,0,0,215,0,0,0,67,15,82,67,341
17031030601,195,1103,162,204,0,0,131,146,0,0,0,0,0,35,55,178
17031030603,114,686,85,339,0,24,36,82,0,0,0,12,0,37,32,151
17031030604,125,1031,157,326,0,0,0,360,0,0,0,0,17,113,0,129
17031030701,70,479,57,139,0,11,0,91,0,0,0,25,24,5,15,56
17031030702,30,877,9,66,0,0,8,393,0,0,0,0,22,24,0,49
17031030703,285,860,104,298,0,0,0,88,0,0,7,27,0,94,15,149
17031030706,61,1330,71,233,0,0,0,283,0,0,0,0,30,0,0,111
17031030800,27,1611,16,42,0,0,0,189,0,0,53,0,0,11,67,136
17031030900,51,1116,40,24,0,0,24,81,0,0,0,23,0,36,9,93
17031031000,88,1577,35,55,0,0,0,119,0,0,0,26,0,105,29,239
17031031100,87,1798,0,30,0,0,7,220,0,0,0,50,0,121,43,196
17031031200,491,1291,248,274,17,0,117,118,0,0,55,25,15,85,328,209
17031031300,171,2312,164,519,0,18,304,496,0,0,14,45,0,46,74,216
17031031400,40,2196,18,269,0,0,16,344,0,0,0,25,0,107,0,202
17031031501,229,557,250,235,0,0,197,230,0,0,50,28,27,47,130,66
17031031502,375,793,459,521,0,0,84,46,0,0,0,54,23,23,79,176
17031031700,235,2114,313,460,23,42,0,232,0,0,47,46,0,19,62,223
17031031800,39,788,0,18,0,0,0,62,0,0,6,10,5,38,12,88
17031031900,31,995,0,86,13,0,0,64,0,0,0,19,8,44,23,100
17031032100,613,2690,48,75,0,0,0,109,0,0,0,96,31,188,167,444
17031040100,89,1273,0,68,0,0,0,81,0,0,0,59,0,33,48,144
17031040201,62,2265,22,15,0,0,32,217,0,0,34,195,52,68,98,461
17031040202,335,1576,0,79,0,0,143,407,0,0,48,154,48,171,37,454
17031040300,50,660,0,31,0,0,0,258,0,0,0,0,0,63,0,66
17031040401,33,1020,0,65,0,0,0,126,0,0,0,50,5,43,0,228
17031040402,113,2084,0,33,0,0,0,138,0,0,50,0,0,128,105,152
17031040600,12,1062,0,22,0,0,0,17,0,0,0,9,0,9,0,112
17031040700,36,1296,23,61,0,0,6,34,0,0,33,47,0,28,33,147
17031040800,31,658,0,22,0,0,0,42,0,0,0,17,0,37,1,72
17031040900,0,879,0,25,0,0,0,17,0,0,0,11,0,31,0,18
17031050100,0,995,0,18,0,0,0,50,0,0,0,11,11,47,0,44
17031050200,139,1894,17,16,0,0,0,98,0,0,0,11,0,31,35,148
17031050300,58,872,0,0,0,0,0,120,0,0,0,32,0,13,44,189
17031050500,25,1907,0,0,0,0,0,107,0,0,0,14,0,62,0,213
17031050600,24,1025,0,2,0,0,0,28,0,0,0,0,0,13,0,61
17031050700,23,625,0,0,5,0,0,22,0,0,0,0,0,5,0,25
17031050800,13,554,0,14,0,0,0,12,0,0,8,0,0,7,8,44
17031050900,5,449,0,5,0,0,0,53,0,0,0,13,0,15,0,62
17031051000,18,599,0,35,0,0,0,39,0,0,0,7,5,11,6,160
17031051100,12,533,0,0,0,0,0,26,0,0,0,15,0,19,0,83
17031051200,6,543,0,21,0,0,0,6,0,0,0,0,0,20,6,21
17031051300,9,1002,0,26,0,0,0,54,0,0,0,9,0,14,0,72
17031051400,20,645,0,28,0,0,9,50,0,0,0,11,0,15,0,63
17031060100,42,1037,9,58,0,0,0,39,0,0,0,16,0,33,42,49
17031060200,10,1005,0,23,0,0,15,11,0,9,9,10,0,29,9,155
17031060300,40,1117,0,38,0,0,0,107,0,0,0,0,0,25,33,64
17031060400,13,1438,0,7,0,0,0,15,0,0,0,42,0,33,0,181
17031060500,115,429,6,41,0,0,74,46,0,0,0,17,6,20,54,91
17031060800,36,2384,15,148,0,0,14,238,0,0,15,32,0,181,15,142
17031060900,95,3877,69,241,0,0,0,221,0,0,0,122,0,55,0,717
17031061000,9,960,5,10,0,0,6,41,0,0,0,13,0,30,0,108
17031061100,0,564,0,5,0,0,0,27,0,0,0,0,0,6,0,24
17031061200,17,702,0,7,0,0,0,22,0,0,0,18,0,15,0,56
17031061500,5,730,0,11,0,0,0,30,0,0,0,0,0,32,0,76
17031061800,8,516,0,41,0,0,0,61,0,0,0,28,0,43,0,74
17031061901,42,1636,0,47,0,0,26,314,0,0,0,63,20,46,29,107
17031061902,78,2417,17,34,19,0,17,191,0,0,0,20,0,82,0,83
17031062000,21,1306,0,26,0,0,0,127,0,0,0,13,0,53,0,71
17031062100,118,1475,0,89,0,0,0,106,0,0,0,10,0,36,52,125
17031062200,46,1049,11,35,0,0,0,53,0,0,0,40,0,0,11,91
17031062300,0,634,0,0,0,0,0,47,0,0,6,0,0,11,6,13
17031062400,54,578,17,19,0,0,0,35,0,0,0,4,0,13,0,4
17031062500,15,649,6,0,0,0,0,42,0,0,0,0,0,0,0,30
17031062600,0,787,0,23,0,0,0,135,0,0,0,0,0,27,0,56
17031062700,51,969,0,8,0,10,0,30,0,0,0,7,0,14,0,50
17031062800,0,1241,32,5,0,0,0,120,0,0,0,0,0,50,10,91
17031062900,6,1553,0,105,0,0,9,69,0,0,0,8,0,72,0,62
17031063000,8,1435,0,79,0,0,0,197,0,12,0,27,0,35,0,116
17031063100,0,1114,0,21,0,0,11,67,0,0,8,0,0,75,8,97
17031063200,0,3896,0,49,0,0,12,235,0,0,0,0,0,22,0,239
17031063301,124,1343,34,112,0,0,10,89,0,0,0,25,18,86,51,84
17031063302,0,2400,0,116,0,0,0,165,0,0,0,0,0,29,0,197
17031063303,16,812,0,3,0,0,0,71,0,0,0,0,0,5,0,22
17031063400,0,1030,0,45,0,0,0,78,0,0,0,0,0,8,0,65
17031070101,53,2129,0,20,0,15,0,206,0,0,0,26,16,97,0,117
17031070102,10,1616,0,26,0,0,0,136,0,14,0,10,7,40,0,157
17031070103,0,992,0,83,0,0,0,119,0,0,0,0,0,9,0,53
17031070200,15,1772,16,59,0,0,15,139,0,0,0,0,0,20,0,45
17031070300,9,1502,0,0,0,0,0,59,0,0,0,0,23,36,0,64
17031070400,134,1091,129,35,0,0,28,103,0,0,0,27,9,22,38,46
17031070500,18,1197,23,15,0,0,0,56,0,0,0,0,0,8,9,23
17031070600,9,1141,0,12,0,0,0,77,0,0,0,0,10,10,0,70
17031070700,35,1251,57,112,0,0,28,146,0,0,11,29,0,31,37,176
17031071000,7,915,0,52,0,0,0,17,0,0,0,0,0,8,0,0
17031071100,0,978,0,26,0,0,0,58,0,0,0,0,0,24,0,42
17031071200,30,838,0,31,0,0,0,57,0,0,0,0,0,22,30,116
17031071300,0,1591,0,45,0,0,0,148,0,0,0,11,0,60,0,81
17031071400,48,2261,60,37,0,0,0,177,0,0,0,23,15,187,31,279
17031071500,0,3313,0,113,0,0,0,307,0,0,0,32,0,92,0,110
17031071600,19,593,45,32,0,0,4,36,0,0,0,0,0,10,5,45
17031071700,0,538,11,35,0,0,0,58,0,0,0,0,0,17,0,17
17031071800,38,862,49,71,0,0,0,91,0,0,0,0,0,9,38,14
17031080100,76,3497,0,177,0,34,0,195,0,0,0,0,0,26,0,48
17031080201,53,1770,0,115,0,68,0,152,0,0,0,36,0,19,0,50
17031080202,0,1994,15,89,0,0,0,124,0,0,0,16,0,0,0,134
17031080300,0,2517,28,42,0,0,0,223,0,0,0,14,0,16,0,153
17031080400,10,684,614,406,0,0,0,59,0,0,0,0,0,89,0,30
17031081000,301,2695,257,416,0,0,0,623,0,0,0,37,26,26,26,261
17031081100,103,2066,186,81,0,0,0,193,0,0,0,39,0,90,0,319
17031081201,18,2446,0,76,0,0,0,295,0,0,0,34,0,32,0,170
17031081202,0,1526,0,60,0,0,0,105,0,0,0,44,0,0,0,32
17031081300,0,2785,0,108,0,0,0,459,0,0,0,26,0,33,0,139
17031081401,8,1186,14,20,0,0,0,206,0,0,0,0,0,67,0,36
17031081402,34,2345,43,112,0,0,0,589,0,0,0,0,0,34,0,116
17031081403,29,3931,0,162,0,27,0,1160,0,0,0,50,0,0,0,291
17031081500,35,2078,19,87,0,0,0,706,0,0,0,76,0,75,0,226
17031081600,0,1914,0,161,0,0,12,487,0,0,0,13,0,76,0,107
17031081700,60,1981,14,80,0,36,0,300,0,0,0,0,0,62,0,187
17031081800,0,5442,0,251,0,0,0,429,0,0,0,0,0,93,0,139
17031081900,0,248,90,28,7,0,0,25,0,0,3,10,0,0,3,8
17031090100,7,1273,0,11,0,0,26,58,0,0,0,21,0,9,0,138
17031090200,26,2594,0,54,0,0,0,67,0,0,0,0,0,0,0,124
17031090300,8,465,0,0,0,0,0,18,0,0,0,0,0,6,0,3
17031100100,238,1802,0,0,0,0,0,90,0,0,0,15,0,0,61,175
17031100200,70,2579,56,0,0,0,10,0,0,0,51,92,0,11,51,200
17031100300,79,2375,0,0,0,0,0,109,0,0,0,82,0,25,51,142
17031100400,42,1173,0,0,0,0,0,34,0,0,0,4,0,0,0,101
17031100500,62,1954,0,14,0,0,0,86,0,11,112,0,0,76,112,196
17031100600,145,1526,0,0,0,0,29,102,0,0,24,31,14,28,61,165
17031100700,33,1656,0,0,0,0,0,62,0,0,0,65,0,9,0,247
17031110100,35,1839,0,32,0,0,40,75,0,0,40,11,0,15,75,216
17031110200,133,804,25,14,13,0,0,128,0,0,23,84,0,0,28,157
17031110300,151,1543,0,0,16,14,0,145,0,0,30,57,10,58,81,294
17031110400,35,1471,0,18,0,0,7,121,0,0,25,119,0,51,25,380
17031110501,75,1386,0,19,0,0,0,154,0,0,46,37,0,77,75,330
17031110502,145,1013,24,34,0,45,35,46,0,0,50,78,0,69,60,216
17031120100,30,1424,0,7,0,0,0,19,0,0,0,53,0,0,0,53
17031120200,69,1413,8,5,0,0,12,131,0,0,10,86,0,44,19,167
17031120300,0,1999,0,11,0,0,0,348,0,0,0,22,19,16,19,153
17031120400,43,930,0,0,0,0,56,99,0,0,0,96,0,32,11,248
17031130100,270,1052,25,0,0,0,54,490,0,0,0,0,9,35,30,79
17031130200,24,501,0,0,0,0,7,64,0,0,0,33,6,21,5,99
17031130300,218,955,0,77,13,0,34,333,0,0,32,73,0,55,67,279
17031140100,124,668,47,94,10,0,16,97,0,0,5,75,0,5,107,282
17031140200,245,653,19,99,0,0,134,259,0,0,29,247,0,38,200,462
17031140301,74,294,0,20,0,11,28,194,0,0,42,99,0,14,105,240
17031140302,37,681,8,37,0,0,8,198,0,0,58,144,42,46,67,330
17031140400,70,1548,0,15,0,0,79,264,0,0,15,155,0,110,15,517
17031140500,82,736,0,63,0,0,44,144,0,0,91,137,0,0,106,392
17031140601,39,416,59,6,0,0,113,89,0,0,58,130,0,12,91,319
17031140602,237,731,93,59,0,0,75,149,0,0,117,115,11,24,303,414
17031140701,48,499,19,42,9,0,25,150,0,0,30,164,0,80,54,364
17031140702,191,1266,9,82,0,3,10,102,0,0,105,267,16,25,228,878
17031140800,179,1554,35,26,0,0,0,307,0,0,67,276,16,91,211,462
17031150200,262,2193,0,0,0,0,0,138,0,0,42,168,0,98,76,651
17031150300,123,2307,0,111,0,0,25,42,0,0,40,129,0,150,73,480
17031150401,221,1353,9,57,0,9,5,50,0,0,42,44,8,40,51,348
17031150402,123,920,9,10,0,0,0,38,0,0,30,120,0,13,37,225
17031150501,40,1105,0,39,0,11,10,86,0,0,36,60,0,30,36,216
17031150502,101,1118,0,43,0,0,51,57,0,0,47,74,7,0,68,201
17031150600,62,912,0,29,0,29,0,160,0,0,64,132,0,6,94,329
17031150700,83,1143,0,0,0,0,0,70,0,0,45,111,0,20,79,448
17031150800,120,1020,20,14,0,7,27,85,0,0,99,244,12,29,130,469
17031151001,69,531,14,20,0,0,0,53,0,0,65,111,0,40,111,348
17031151002,114,1038,18,23,0,0,0,23,14,0,60,266,0,11,141,686
17031151100,181,1130,0,21,0,0,20,54,0,0,76,263,0,30,159,604
17031151200,65,985,0,0,0,0,0,30,0,0,17,120,0,0,25,395
17031160100,82,644,0,15,0,0,53,100,0,0,0,24,0,75,33,148
17031160200,47,992,0,13,0,0,5,107,0,0,0,39,0,0,7,161
17031160300,79,1281,0,103,0,37,9,200,0,0,24,43,0,109,56,234
17031160400,128,1216,13,135,0,0,0,108,0,0,37,104,0,87,139,412
17031160501,154,649,0,74,0,0,36,154,0,0,95,29,0,47,228,360
17031160502,97,882,0,19,0,0,6,74,0,0,42,85,37,58,130,556
17031160601,90,998,0,26,0,0,0,49,0,0,0,142,6,11,52,457
17031160602,83,952,8,42,0,0,10,111,0,19,9,147,0,61,31,400
17031160700,171,1620,0,35,0,0,19,164,0,0,0,184,37,48,95,743
17031160800,103,1321,12,0,0,0,6,169,0,12,51,152,0,11,96,739
17031160900,52,818,0,20,0,0,0,81,0,0,0,42,0,55,52,240
17031161000,32,646,6,33,0,0,0,18,0,0,0,64,0,24,5,232
17031161100,52,584,0,50,0,0,0,49,0,0,0,0,34,16,5,54
17031161200,63,745,0,6,0,9,9,41,0,0,18,52,0,15,69,392
17031161300,100,1126,0,56,0,0,0,36,0,0,0,93,0,39,40,662
17031170100,67,857,26,26,0,0,0,23,0,0,0,48,0,0,16,115
17031170200,87,914,0,0,0,0,13,68,0,0,27,80,0,12,76,295
17031170300,160,1427,0,0,0,11,0,95,0,0,41,97,0,0,176,347
17031170400,61,1213,8,42,0,27,0,78,0,0,0,78,0,0,29,218
17031170500,93,1642,0,0,0,0,0,120,0,0,0,138,0,11,12,399
17031170600,56,889,0,7,0,0,4,8,0,0,0,0,0,12,7,108
17031170700,38,973,0,7,0,0,0,78,0,0,8,45,0,0,8,158
17031170800,138,1186,0,0,0,0,27,38,0,0,0,49,0,0,21,303
17031170900,72,491,0,17,0,0,0,21,0,0,0,52,0,7,30,167
17031171000,210,1925,58,150,0,15,0,127,0,13,11,49,0,30,48,396
17031171100,53,1032,0,32,0,0,29,38,0,0,0,82,0,16,0,375
17031180100,50,1626,0,32,0,0,0,235,0,0,101,182,0,14,101,726
17031190100,80,338,0,5,0,0,0,15,0,0,93,267,7,24,150,516
17031190200,115,851,23,12,0,0,7,34,0,0,112,400,0,29,232,914
17031190300,170,1075,20,72,10,13,0,37,0,0,78,249,22,0,212,652
17031190401,59,868,0,11,0,18,30,29,0,0,39,135,20,16,72,571
17031190402,84,1111,0,33,0,8,0,29,0,0,77,339,10,5,156,858
17031190601,37,628,0,62,0,0,4,0,0,0,57,401,0,27,68,909
17031190602,115,661,8,31,7,22,0,36,0,0,140,372,0,30,255,814
17031190701,88,353,5,0,0,0,9,5,0,0,130,183,0,10,204,403
17031190702,245,612,67,71,0,0,0,0,0,0,107,346,0,0,306,820
17031190800,210,822,0,48,0,7,0,21,0,0,361,531,0,8,527,1032
17031190900,102,228,19,53,8,0,0,0,0,0,100,172,0,32,209,349
17031191000,84,338,0,32,0,0,0,16,0,0,97,141,8,7,189,405
17031191100,254,789,73,65,0,12,0,33,0,0,196,567,0,42,422,1228
17031191200,87,346,0,49,6,0,7,0,7,0,96,422,0,5,203,745
17031191301,191,470,39,91,0,0,10,44,0,0,158,415,8,47,341,825
17031191302,200,487,0,79,0,4,0,10,0,0,72,526,0,8,260,875
17031200100,70,829,11,23,13,0,0,76,0,0,33,249,0,17,97,678
17031200200,147,640,47,59,25,16,0,10,0,0,160,516,0,18,286,934
17031200300,124,168,7,6,0,0,0,13,0,6,102,104,6,0,225,232
17031200401,111,400,47,46,15,16,0,0,0,0,147,225,0,11,270,542
17031200402,118,401,8,62,0,9,33,17,0,0,125,299,10,25,251,678
17031210100,72,1045,0,69,0,0,0,135,0,9,12,56,0,21,68,343
17031210400,96,650,9,34,0,0,0,23,0,0,35,104,0,28,91,385
17031210501,229,692,20,96,0,22,0,16,0,0,33,98,0,46,215,344
17031210502,205,894,0,94,0,12,5,7,0,0,31,155,0,31,153,631
17031210601,60,648,0,0,0,18,9,39,0,0,15,87,0,39,66,388
17031210602,234,955,28,30,0,0,0,33,0,0,37,136,0,91,239,467
17031210700,289,1023,8,12,0,0,0,66,0,0,23,71,0,44,270,487
17031210800,20,290,0,0,0,0,0,0,0,0,0,64,0,10,0,153
17031210900,116,914,4,17,0,0,0,81,0,0,11,80,0,22,88,285
17031220300,24,763,0,10,0,0,0,31,0,0,0,24,0,39,14,226
17031220400,55,915,0,0,0,0,0,50,0,0,11,32,0,27,57,210
17031220500,57,967,0,56,0,0,0,71,0,0,0,17,0,26,44,175
17031220601,85,528,0,24,7,6,0,10,0,0,0,18,0,12,58,152
17031220602,266,1826,86,81,0,0,0,29,0,0,7,85,26,54,321,465
17031220701,50,764,9,24,0,0,0,15,0,0,63,90,24,29,116,517
17031220702,108,947,11,80,0,0,0,26,0,0,33,131,9,22,152,527
17031220901,146,551,19,75,0,0,0,26,0,0,78,41,17,31,241,395
17031220902,143,678,0,6,0,8,4,12,0,0,16,48,0,31,148,538
17031221000,79,691,14,92,0,6,0,32,0,0,60,25,0,14,118,406
17031221100,106,1406,35,112,9,9,0,39,0,10,29,104,26,46,160,635
17031221200,96,986,10,39,0,0,0,35,0,0,13,0,11,36,80,224
17031221300,87,1025,25,31,0,0,0,19,0,0,23,46,0,59,86,314
17031221400,46,1080,10,27,0,0,0,54,0,0,20,44,0,66,66,426
17031221500,120,996,33,98,0,0,18,36,0,0,0,10,0,14,51,304
17031221600,12,1240,0,49,0,0,0,78,0,0,0,10,0,24,4,167
17031222200,19,791,0,25,0,0,10,55,0,0,0,0,0,0,11,77
17031222500,62,384,9,17,0,0,0,5,0,0,19,7,0,24,77,145
17031222600,28,545,6,34,0,0,0,10,0,0,13,25,0,33,23,162
17031222700,82,592,17,48,6,0,9,11,0,0,9,28,11,17,88,284
17031222800,42,218,3,44,0,0,0,0,0,0,24,15,4,15,54,183
17031222900,61,183,17,30,0,0,0,0,0,0,6,24,0,10,72,135
17031230100,27,348,25,44,0,0,8,16,0,0,53,77,4,22,75,177
17031230200,62,261,13,58,0,8,0,11,0,0,39,133,0,26,94,291
17031230300,68,65,0,7,22,0,0,0,0,0,25,103,0,3,79,133
17031230400,56,271,0,0,0,6,0,10,0,0,97,210,11,6,164,374
17031230500,91,205,69,69,0,0,0,30,0,0,304,375,9,0,404,550
17031230600,90,266,203,426,25,0,0,0,0,0,325,547,28,15,414,771
17031230700,123,371,87,94,12,11,0,0,0,0,255,696,0,66,410,957
17031230800,25,101,8,11,0,3,0,0,0,0,56,139,0,14,81,231
17031230900,57,853,121,107,0,11,52,29,0,0,193,301,0,63,243,692
17031231100,16,41,87,130,0,0,0,0,0,0,25,61,0,6,36,88
17031231200,28,96,584,590,0,0,0,0,0,0,209,367,10,36,237,475
17031231500,29,0,818,765,0,0,0,0,0,0,37,159,0,0,86,159
17031240200,77,600,9,8,0,0,0,48,0,0,0,25,0,29,24,116
17031240300,28,473,14,0,0,0,0,35,0,0,0,0,0,31,5,22
17031240500,0,1137,9,21,0,0,31,67,0,0,0,9,0,10,0,48
17031240600,19,513,0,44,0,0,0,0,0,0,6,7,0,23,19,123
17031240700,33,529,22,26,0,0,0,10,0,0,12,21,0,16,49,252
17031240800,64,373,0,65,0,0,0,13,0,0,23,39,0,42,63,211
17031240900,62,208,24,28,0,0,0,41,0,0,62,38,0,28,113,109
17031241000,137,393,22,66,0,0,0,29,0,0,11,51,0,11,103,195
17031241100,75,895,72,99,0,0,0,73,0,0,64,114,25,101,113,237
17031241200,50,523,7,6,0,0,0,45,0,0,40,17,0,39,82,115
17031241300,10,627,8,37,0,0,0,15,0,0,25,13,0,22,25,32
17031241400,180,1854,46,85,0,0,0,163,0,0,77,13,0,46,177,244
17031241500,35,1117,23,46,0,0,0,52,0,0,0,21,0,52,17,135
17031241600,39,1310,0,29,0,0,5,113,0,0,0,82,20,24,51,280
17031242000,189,1306,167,133,0,0,0,160,0,0,46,52,0,57,135,189
17031242100,53,1441,0,11,0,0,0,43,0,0,22,39,12,80,64,152
17031242200,24,1398,9,65,0,0,0,49,0,0,8,40,0,24,9,153
17031242300,8,1371,0,10,0,0,0,101,0,0,0,54,0,45,0,140
17031242400,63,1126,0,29,0,0,0,34,0,0,0,8,0,30,11,22
17031242500,67,1052,24,137,0,0,0,66,0,0,59,50,0,70,108,270
17031242600,161,1862,112,153,0,0,0,14,0,0,46,144,0,12,122,759
17031242700,59,397,38,141,0,0,0,24,0,0,41,23,7,14,90,205
17031242800,35,539,0,0,0,0,0,6,0,0,0,0,0,8,6,89
17031242900,14,612,4,55,0,0,0,55,0,0,6,26,0,21,20,108
17031243000,36,791,0,31,0,0,0,35,0,0,9,92,0,36,16,228
17031243100,80,671,0,12,0,0,0,66,0,0,18,45,0,15,39,150
17031243200,34,730,0,32,0,0,0,36,0,0,7,44,0,7,37,139
17031243300,24,924,0,23,0,0,0,94,0,0,0,37,0,12,24,207
17031243400,51,963,14,36,0,0,0,58,0,0,65,23,0,83,106,207
17031243500,10,1323,111,165,0,0,0,126,0,0,0,0,0,55,10,90
17031250200,3,147,197,239,0,0,0,5,0,0,42,162,0,7,45,285
17031250300,43,147,348,745,0,0,0,10,0,0,70,158,0,11,100,323
17031250400,0,157,278,1304,0,0,0,0,0,0,0,92,0,0,0,226
17031250500,106,1356,197,723,0,0,45,44,0,0,46,208,0,50,46,397
17031250600,15,41,301,878,0,0,10,0,0,0,19,79,0,0,24,96
17031250700,0,66,652,1181,0,0,0,0,0,0,42,129,0,18,42,185
17031250800,0,33,256,383,0,0,0,4,0,0,0,114,0,0,0,133
17031251000,4,13,113,167,0,0,0,0,0,0,0,44,0,0,4,44
17031251100,17,88,593,711,0,0,0,0,0,0,43,35,0,0,60,86
17031251200,12,94,294,614,0,0,23,0,0,0,58,59,0,0,70,106
17031251300,19,64,478,704,0,0,0,0,0,0,44,59,0,7,63,102
17031251400,11,73,487,1100,0,0,0,0,0,0,6,22,10,27,17,46
17031251500,24,6,606,650,0,0,0,0,0,0,0,37,0,0,24,62
17031251600,0,41,657,326,0,13,0,0,0,0,23,9,0,0,38,22
17031251700,6,39,114,147,0,0,0,0,0,9,37,14,0,0,43,50
17031251800,41,46,758,736,0,0,0,0,0,0,0,22,0,31,0,49
17031251900,0,46,664,865,0,0,0,0,0,0,0,73,0,11,0,73
17031252000,0,15,882,1330,0,0,0,0,0,0,0,39,0,23,0,54
17031252101,6,6,182,401,0,0,0,0,0,0,0,0,0,10,0,0
17031252102,0,19,678,1428,0,0,0,0,0,0,0,66,0,0,15,66
17031252201,0,4,347,618,0,0,0,8,0,0,0,0,0,0,9,0
17031252202,0,28,775,685,0,0,21,0,0,0,0,0,0,0,0,15
17031260100,30,6,227,256,0,0,0,0,0,0,0,0,10,2,0,2
17031260200,0,7,137,171,0,0,0,0,0,0,0,0,0,0,0,13
17031260300,0,11,272,254,0,0,0,0,0,0,0,0,0,0,0,0
17031260400,0,24,212,136,0,0,0,0,0,0,0,0,0,0,0,0
17031260500,0,0,263,267,0,9,0,0,0,0,0,11,0,0,0,11
17031260600,7,16,268,259,0,0,0,11,0,0,0,0,0,0,7,16
17031260700,0,0,332,157,0,5,0,0,0,0,3,12,5,10,3,12
17031260800,0,10,476,352,0,0,0,0,0,0,0,11,0,28,0,11
17031260900,13,0,181,201,0,0,0,0,0,0,0,0,0,0,13,0
17031261000,9,6,307,311,0,0,0,0,0,0,0,7,0,30,9,13
17031270500,0,5,418,163,0,0,0,0,0,0,0,18,0,0,0,23
17031271200,0,0,213,156,0,0,0,0,0,0,0,0,0,18,0,0
17031271300,0,0,167,186,0,0,0,12,0,0,0,0,0,0,0,0
17031271400,0,17,208,200,0,0,0,6,0,0,0,0,12,8,0,14
17031271500,16,9,201,242,0,0,0,0,0,0,0,0,0,14,0,4
17031271800,0,0,120,98,0,0,0,0,0,0,0,0,0,0,0,0
17031280100,18,2910,32,144,0,0,0,782,0,0,0,0,0,210,0,202
17031280400,0,66,308,171,0,0,0,13,0,0,0,0,0,29,0,31
17031280800,0,44,185,120,0,0,0,0,0,0,0,9,0,0,0,19
17031280900,0,52,198,118,0,0,0,0,0,0,0,10,0,0,0,23
17031281900,0,1838,0,209,0,0,0,1382,0,0,0,0,0,98,0,213
17031282700,7,306,84,200,0,0,0,103,0,0,24,30,0,15,31,166
17031282800,19,261,38,126,0,16,11,87,0,0,3,87,0,15,7,171
17031283100,0,351,169,248,0,0,6,343,8,0,0,17,0,21,0,63
17031283200,36,304,108,70,0,7,10,96,0,0,0,19,0,7,0,67
17031283800,40,702,306,341,0,0,27,206,0,0,0,24,12,0,17,173
17031290900,0,0,615,535,0,0,0,0,0,0,0,0,0,0,0,0
17031291200,0,14,457,289,0,0,0,0,0,0,0,17,0,0,0,17
17031291600,22,180,9,26,0,0,10,0,0,0,0,53,0,0,32,192
17031292200,16,38,506,319,0,0,0,0,0,0,0,11,0,0,5,24
17031292400,13,23,202,371,0,0,0,0,0,0,0,0,0,0,0,5
17031292500,11,59,605,659,23,0,0,0,0,0,0,30,0,0,0,30
17031300500,152,294,19,54,0,9,0,0,0,0,26,320,0,0,178,587
17031300600,90,264,52,72,0,16,0,0,0,0,69,199,0,13,143,437
17031300700,269,410,0,15,0,11,0,8,0,0,122,448,0,10,382,850
17031300800,245,370,0,0,0,0,0,0,0,0,308,180,0,0,553,541
17031300900,238,338,0,27,0,10,0,0,0,0,207,430,0,28,408,752
17031301100,130,201,25,34,9,22,0,0,0,0,108,234,0,6,224,406
17031301200,261,233,106,24,12,22,0,24,0,0,109,326,24,0,396,543
17031301600,273,368,0,0,0,39,0,0,0,0,212,385,0,18,438,810
17031301701,381,394,0,3,0,0,0,0,0,0,33,245,0,0,414,628
17031301702,141,423,0,0,0,0,0,0,0,0,123,387,0,15,264,786
17031301801,244,349,0,0,0,0,0,0,0,0,107,311,0,41,327,608
17031301802,150,341,0,16,0,0,0,0,0,0,107,235,12,5,269,534
17031301803,282,525,23,0,0,0,0,0,0,0,131,352,23,12,436,853
17031310200,34,385,0,18,0,26,0,103,0,0,25,47,0,11,54,160
17031310300,45,365,8,13,0,11,18,69,0,0,52,129,13,0,85,276
17031310400,26,247,15,45,0,0,0,18,0,0,0,136,0,35,26,223
17031310500,8,223,0,0,0,0,7,0,0,0,76,213,0,0,84,299
17031310600,244,779,16,105,18,0,0,50,0,0,222,541,0,47,403,948
17031310700,21,248,0,43,0,0,0,13,0,0,65,113,0,20,81,265
17031310800,78,771,15,11,0,8,0,52,0,0,143,447,0,0,221,939
17031310900,125,687,0,15,0,9,0,50,0,0,147,623,11,18,283,1079
17031320100,0,6528,0,238,0,131,0,1174,0,0,0,0,0,132,0,806
17031320400,0,490,0,38,0,0,0,165,0,0,0,0,0,11,0,30
17031320600,36,1786,59,350,0,0,0,508,0,0,0,14,0,76,0,162
17031330100,0,6494,972,1780,0,0,0,1867,0,0,0,190,43,171,46,549
17031330200,0,772,113,581,0,9,114,222,0,0,0,0,10,38,0,11
17031340300,0,150,7,0,0,0,168,335,0,0,0,31,8,0,0,45
17031340400,0,157,4,16,0,0,99,396,0,0,11,0,0,0,11,14
17031340500,60,388,7,16,0,7,173,166,0,0,0,35,0,0,0,54
17031340600,0,0,231,183,0,0,0,0,0,0,0,0,12,4,0,0
17031350100,0,113,37,761,0,0,0,525,0,0,0,11,27,28,0,41
17031350400,10,0,471,177,0,0,0,0,0,0,0,0,0,0,0,0
17031351000,0,123,159,1574,0,0,0,290,0,0,0,0,0,121,0,15
17031351100,14,6,582,297,0,0,0,0,0,0,0,0,6,6,6,0
17031351400,0,8,462,295,5,0,14,0,0,0,0,0,5,0,5,0
17031351500,7,59,127,52,0,0,0,59,0,0,0,7,0,0,0,7
17031360200,0,19,276,362,0,0,0,0,0,0,0,0,0,0,0,9
17031380100,10,6,493,504,0,11,0,0,0,0,0,0,18,10,10,0
17031380200,0,19,400,700,0,0,0,9,0,0,0,8,21,0,0,8
17031380500,0,0,215,111,0,0,0,4,0,0,0,0,0,0,0,0
17031380700,0,14,159,253,0,0,0,0,0,0,0,0,0,11,0,6
17031381200,0,63,258,637,0,0,0,0,0,0,0,0,0,0,0,0
17031381400,0,7,182,481,0,0,21,0,0,0,0,0,0,0,0,0
17031381500,0,14,91,71,0,0,0,0,0,0,0,0,0,0,0,11
17031381700,0,0,0,0,0,0,0,0,0,0,0,0,0,0,0,0
17031381800,0,20,167,435,0,0,0,12,0,0,0,0,0,0,0,0
17031381900,0,18,190,307,0,6,0,0,0,0,0,0,0,6,6,6
17031390100,7,24,131,406,0,34,14,22,0,0,0,0,0,25,0,9
17031390200,9,127,101,499,0,0,0,44,0,0,0,22,0,16,0,22
17031390300,11,153,487,791,0,0,0,9,0,0,0,0,15,50,0,32
17031390400,10,159,398,822,0,0,0,11,0,0,0,0,20,9,0,0
17031390500,0,215,78,420,0,0,0,34,0,0,0,0,6,0,0,35
17031390600,24,366,87,253,0,0,0,26,0,0,0,0,8,30,0,13
17031390700,0,615,124,1996,0,0,0,428,0,0,0,36,0,136,0,89
17031400300,0,19,281,280,0,0,0,13,0,0,0,0,19,0,0,26
17031400400,18,0,286,476,0,0,0,0,0,0,0,0,0,0,0,0
17031400500,0,12,297,438,0,7,0,0,0,0,0,0,0,8,0,12
17031400800,19,0,661,375,52,0,0,0,0,0,0,0,20,0,9,0
17031410100,9,496,106,456,0,0,0,72,0,0,23,15,8,67,23,100
17031410200,12,319,32,135,10,0,0,138,0,0,0,13,0,14,7,58
17031410500,0,470,211,419,0,0,0,107,0,0,0,10,0,35,0,20
17031410600,29,458,92,310,0,0,0,121,0,0,0,9,0,50,9,66
17031410700,0,674,26,162,0,0,0,124,0,0,0,11,0,33,0,82
17031410800,19,629,131,525,0,39,0,307,0,0,33,0,34,44,33,79
17031410900,23,834,97,498,0,0,0,204,0,0,0,70,0,99,0,206
17031411000,0,951,56,679,0,0,0,56,0,0,0,29,0,75,15,75
17031411100,6,634,0,34,0,0,0,129,0,0,0,0,0,26,0,21
17031411200,0,477,59,21,0,0,0,140,0,0,0,2,0,19,0,33
17031420100,0,28,364,336,0,0,0,8,0,0,0,0,19,0,0,18
17031420200,6,124,222,192,0,0,0,48,0,0,7,0,0,7,7,7
17031420300,0,132,154,381,0,0,0,38,0,0,0,0,0,17,0,32
17031420400,13,127,248,211,0,0,7,85,0,0,0,5,0,15,12,26
17031420500,0,0,243,552,0,0,0,4,0,0,0,0,0,0,0,0
17031420600,11,15,392,472,0,0,0,0,0,0,0,12,12,19,2,28
17031420700,0,10,526,569,26,0,0,0,0,0,11,22,0,0,0,22
17031420800,6,26,365,387,0,0,0,8,0,0,0,0,6,16,0,35
17031421200,0,0,256,206,0,0,0,0,0,0,0,14,0,4,0,14
17031430101,20,10,799,778,0,0,0,0,0,0,25,0,0,0,34,0
17031430102,0,34,484,1308,0,0,0,28,0,0,0,12,12,13,0,37
17031430200,0,109,1113,1157,0,0,0,0,0,0,0,0,0,0,0,56
17031430300,0,23,460,441,0,0,0,7,0,0,0,0,0,0,0,7
17031430400,0,26,417,632,0,0,0,0,0,0,0,0,12,0,0,0
17031430500,11,39,857,655,0,0,0,0,0,0,0,0,0,23,0,13
17031430600,26,19,198,469,0,0,0,0,0,0,7,8,0,26,7,23
17031430700,22,65,347,744,0,45,0,0,0,0,0,0,0,12,0,0
17031430800,0,42,110,514,0,0,0,0,0,0,0,20,0,0,14,0
17031430900,0,0,192,477,0,0,0,0,0,0,0,0,0,12,0,0
17031431200,0,21,224,794,0,0,0,0,0,0,0,0,0,50,9,0
17031431301,0,36,414,743,0,0,0,0,0,0,0,36,0,24,0,36
17031431302,0,25,641,826,0,0,0,0,0,0,0,31,0,8,0,52
17031431400,50,173,1084,1868,0,0,0,0,0,0,0,15,17,129,0,31
17031440101,0,23,935,878,0,0,0,24,0,0,0,0,0,0,0,0
17031440102,111,23,542,867,0,0,0,0,0,16,24,0,0,10,36,0
17031440201,0,38,965,1328,0,0,0,0,0,0,0,0,21,22,0,0
17031440202,0,14,425,1163,0,0,0,10,0,0,0,0,0,0,0,41
17031440300,0,4,577,1417,0,0,0,0,0,0,0,0,0,0,0,0
17031440600,0,0,132,609,0,0,0,0,0,0,0,0,0,0,0,0
17031440700,0,38,161,403,0,0,0,0,0,0,0,0,0,5,0,0
17031440800,0,13,336,343,0,0,7,6,0,0,0,0,0,0,0,0
17031440900,0,0,453,460,12,0,0,0,0,0,0,0,7,0,0,0
17031450300,0,0,293,1030,0,0,0,0,0,0,0,0,0,50,0,0
17031460100,6,136,420,478,0,0,20,0,0,0,18,22,12,6,18,133
17031460200,163,302,159,130,0,0,0,0,0,0,25,43,0,6,147,303
17031460301,93,181,219,460,0,0,0,0,0,9,0,27,0,0,100,209
17031460302,29,46,464,569,0,0,0,0,0,0,0,31,0,7,10,75
17031460400,0,56,364,784,0,0,0,0,0,0,0,0,0,0,0,8
17031460500,0,10,426,1928,0,0,0,0,0,0,0,0,0,0,0,14
17031460600,32,31,93,207,0,0,0,0,0,0,0,0,0,0,32,31
17031460700,139,192,358,160,0,0,0,8,0,0,10,54,0,0,149,228
17031461000,49,73,335,232,0,0,0,0,0,0,22,48,0,5,36,121
17031470100,0,11,359,652,0,0,0,0,0,0,0,0,0,24,0,11
17031480100,0,6,106,792,0,0,0,0,0,9,0,0,6,0,0,0
17031480200,0,11,98,383,0,0,0,0,0,0,0,9,0,9,0,11
17031480300,0,12,114,398,0,0,0,7,0,0,0,0,0,0,0,4
17031480400,0,45,472,1651,0,0,0,0,0,0,0,0,20,0,0,17
17031480500,14,117,296,639,0,0,0,8,0,0,0,19,0,7,8,121
17031490300,0,0,182,683,0,0,0,0,0,0,0,6,6,5,0,3
17031490400,0,0,52,285,0,0,0,0,0,0,0,0,0,0,0,0
17031490500,0,5,234,452,0,0,0,0,0,0,0,0,0,28,0,5
17031490600,0,6,215,328,0,0,0,7,0,0,0,0,0,0,0,0
17031490700,0,0,323,572,0,0,0,0,0,0,0,0,0,0,0,4
17031490800,0,47,423,967,0,0,0,14,0,0,0,0,7,12,0,0
17031490901,0,0,532,857,0,0,0,0,0,0,0,0,0,8,0,23
17031490902,0,11,580,1250,0,0,0,9,0,0,0,0,0,0,0,32
17031491000,0,0,680,376,0,13,0,3,0,0,0,33,7,0,0,0
17031491100,0,0,312,1031,0,0,0,0,0,0,0,43,0,0,8,32
17031491200,29,18,180,419,0,0,0,6,0,0,11,23,0,0,20,10
17031491300,14,6,291,311,0,0,0,0,0,0,0,0,6,0,14,0
17031491400,0,22,605,493,0,0,0,0,0,0,0,0,10,0,10,7
17031500100,0,22,224,1301,0,0,0,0,0,0,0,0,0,0,0,34
17031500200,0,6,465,288,0,0,0,0,0,0,0,0,12,20,0,0
17031500300,38,349,91,209,0,0,0,2,0,0,0,9,0,31,19,50
17031510100,229,534,77,80,0,0,0,0,0,0,22,74,0,0,230,480
17031510200,17,247,159,641,0,0,0,0,0,0,0,0,9,39,26,152
17031510300,12,6,719,1210,0,0,0,0,0,0,0,0,0,0,12,0
17031520100,143,216,16,27,0,0,0,0,0,0,10,62,10,0,163,217
17031520200,281,551,111,0,0,9,0,0,0,0,55,49,0,19,327,543
17031520300,414,1035,45,0,0,18,0,0,0,0,9,134,0,46,423,916
17031520400,267,878,0,46,0,0,0,0,0,0,17,73,22,0,266,715
17031520500,142,1201,28,18,11,12,0,0,0,0,0,118,0,18,69,825
17031520600,93,648,0,0,0,0,0,0,0,0,8,40,0,6,54,474
17031530100,135,205,185,164,8,0,0,0,0,0,21,41,0,0,148,256
17031530200,0,30,503,691,0,0,0,0,0,0,0,0,0,9,0,0
17031530300,7,0,378,1075,0,10,0,0,0,0,0,0,0,14,7,0
17031530400,6,5,201,519,0,0,6,0,0,0,0,0,0,0,0,0
17031530501,20,0,490,965,0,0,0,0,0,0,0,11,0,37,0,11
17031530502,0,0,198,320,0,0,0,0,0,0,0,0,0,0,0,0
17031530503,0,20,566,1123,0,0,0,0,0,0,0,0,37,0,0,11
17031530600,11,0,388,521,0,0,0,0,0,0,0,0,30,0,0,5
17031540101,27,31,854,525,0,0,0,7,0,0,0,0,0,0,27,31
17031540102,0,25,692,388,0,0,0,0,0,0,0,0,0,11,0,11
17031550100,336,1735,115,75,0,0,0,0,0,0,14,91,0,37,192,904
17031550200,60,875,5,66,0,0,0,0,0,0,0,49,0,0,60,343
17031560100,35,130,12,17,0,5,0,41,0,0,10,92,0,0,33,193
17031560200,29,90,108,320,0,0,0,0,0,0,0,63,6,5,17,115
17031560300,110,531,0,19,0,0,0,48,0,0,37,148,33,26,56,438
17031560400,41,295,0,6,0,3,0,20,0,0,5,85,0,0,34,246
17031560700,124,892,0,0,0,0,0,0,0,0,26,178,0,0,95,443
17031560800,134,1641,0,21,0,16,0,0,0,0,0,264,0,39,51,726
17031560900,48,1628,0,0,0,0,0,0,0,0,0,178,0,47,10,516
17031561000,53,1870,18,0,0,0,0,0,0,0,10,114,18,17,10,586
17031561100,172,1414,6,0,0,0,0,0,0,0,16,231,12,20,57,560
17031570100,35,228,6,0,0,8,4,29,0,0,14,86,0,5,29,204
17031570200,44,399,0,0,0,0,15,39,0,0,30,73,5,5,61,290
17031570300,163,802,0,54,15,0,0,39,0,0,206,322,15,55,328,795
17031570400,38,302,0,0,5,0,0,10,0,10,17,146,0,0,55,351
17031570500,38,407,0,8,0,0,0,43,0,0,34,182,0,0,69,403
17031580100,45,248,9,35,0,36,36,168,0,0,61,135,14,19,106,380
17031580200,178,243,0,0,0,0,19,83,0,0,77,285,18,19,244,503
17031580300,131,193,12,5,8,13,14,66,0,0,33,214,0,12,151,394
17031580400,81,674,9,0,0,0,52,130,0,0,135,409,0,54,191,1010
17031580501,176,605,0,23,27,16,1,80,0,0,156,322,0,36,325,816
17031580502,106,689,0,0,12,0,13,117,0,0,148,344,0,17,266,808
17031580600,136,678,9,20,0,19,12,74,0,0,80,403,0,9,176,993
17031580700,284,583,0,43,0,0,13,83,0,0,239,261,58,23,505,772
17031580800,94,226,0,0,0,7,0,8,0,0,42,181,10,0,129,379
17031590500,55,251,6,6,0,10,18,157,0,0,50,59,6,13,79,243
17031590600,112,449,10,0,0,19,8,101,0,0,134,218,55,72,261,431
17031590700,163,375,22,9,0,30,10,156,0,0,49,206,28,7,177,415
17031600400,50,502,47,10,0,0,124,689,0,0,122,27,0,10,131,102
17031600600,116,433,22,0,0,10,83,298,0,0,5,136,0,0,112,271
17031600700,158,470,8,74,28,0,17,213,0,0,0,96,0,0,79,226
17031600900,106,690,0,61,0,0,33,354,0,0,0,99,0,24,49,177
17031610300,365,500,16,42,21,27,21,84,0,0,232,332,22,8,602,779
17031610400,60,234,7,0,0,5,0,0,0,0,116,155,0,6,171,379
17031610800,63,421,0,0,7,0,0,9,0,0,0,8,32,0,17,82
17031611000,40,34,89,88,0,0,5,0,0,0,18,19,0,0,47,53
17031611100,159,269,69,74,0,0,0,0,0,0,61,103,0,18,207,363
17031611200,145,230,106,58,0,5,0,0,0,0,53,153,0,17,183,381
17031611300,144,393,79,15,0,0,0,0,0,0,97,125,0,0,249,447
17031611400,186,417,0,9,0,70,0,0,0,0,41,191,16,16,202,676
17031611500,156,439,44,78,0,0,0,0,0,0,91,118,11,0,236,511
17031611600,110,88,77,137,0,0,0,1,0,0,39,53,6,20,155,127
17031611700,86,103,101,147,0,0,0,0,0,0,50,38,15,14,151,141
17031611800,94,54,186,210,0,0,0,0,0,0,68,62,0,0,162,97
17031611900,0,52,232,209,0,0,0,0,0,0,18,33,0,11,18,77
17031612000,16,12,209,185,0,0,0,5,0,0,0,0,0,0,16,5
17031612100,0,6,196,135,0,0,0,0,0,0,2,9,0,6,2,15
17031620100,87,612,0,0,20,60,25,59,0,0,33,299,9,0,125,815
17031620200,53,514,0,0,0,0,0,21,0,0,53,77,0,12,87,374
17031620300,252,1009,0,78,0,8,0,0,0,0,188,485,0,18,381,980
17031620400,80,662,5,30,0,9,0,0,0,0,126,274,0,33,186,798
17031630100,27,145,26,38,0,0,0,0,0,0,21,38,0,0,44,150
17031630200,123,329,5,6,0,0,0,33,0,0,62,41,0,0,183,328
17031630300,280,415,0,11,0,15,0,9,0,0,198,288,6,27,453,684
17031630400,292,793,19,15,0,0,0,0,0,0,280,371,0,0,572,1002
17031630500,254,629,0,25,0,0,0,0,0,0,258,370,0,0,495,933
17031630800,250,423,66,31,0,0,0,0,0,0,214,714,0,15,431,1073
17031630900,146,511,0,55,0,0,0,27,0,0,162,380,0,0,286,814
17031640100,57,337,0,15,0,6,0,5,0,0,17,44,0,5,50,167
17031640300,159,1622,0,16,0,50,0,0,0,0,0,417,22,92,65,1081
17031640400,100,890,0,46,0,0,0,10,0,0,35,88,0,38,35,282
17031640500,170,1090,9,19,0,0,0,34,0,0,20,165,10,32,60,506
17031640600,181,1091,0,35,0,0,0,13,0,0,68,253,18,0,75,565
17031640700,147,591,0,9,0,9,0,0,0,0,79,210,12,0,122,450
17031640800,53,310,14,9,0,0,4,0,0,0,31,106,0,17,75,275
17031650100,142,523,27,21,0,0,0,0,0,0,133,422,0,0,231,732
17031650200,307,1281,0,39,0,24,0,0,0,0,135,318,0,0,414,1106
17031650301,185,916,0,10,0,0,17,8,0,0,11,378,20,27,156,915
17031650302,91,550,12,20,0,11,0,0,0,0,106,277,0,7,193,683
17031650400,61,789,63,24,0,0,0,27,0,0,175,589,0,36,224,1186
17031650500,45,749,25,220,0,0,10,11,0,0,80,283,0,23,94,706
17031660301,59,134,122,97,0,0,0,0,0,0,57,60,0,6,116,181
17031660302,136,455,184,245,0,0,0,19,0,0,143,289,11,0,264,667
17031660400,163,548,47,59,0,0,0,0,0,0,284,352,0,6,393,739
17031660500,172,545,46,112,8,0,0,0,0,0,126,337,0,7,289,755
17031660600,130,367,580,650,0,0,0,0,0,0,72,230,5,42,207,521
17031660700,0,7,256,317,0,0,0,0,0,0,0,28,0,0,0,35
17031660800,123,205,384,606,0,0,0,18,0,0,0,273,19,35,107,431
17031660900,48,83,610,499,0,0,0,5,0,0,28,28,61,35,54,81
17031661000,0,116,581,1115,0,0,0,0,0,0,0,35,9,16,0,130
17031661100,74,485,251,584,0,0,0,0,0,0,72,378,34,39,135,733
17031670100,7,34,168,160,0,0,0,0,0,0,0,16,0,0,7,32
17031670200,4,16,152,153,5,0,0,0,0,0,0,0,0,0,0,16
17031670300,15,21,117,233,0,0,0,4,0,0,0,37,0,0,15,42
17031670400,23,22,250,184,0,0,0,0,0,0,31,9,0,5,54,31
17031670500,7,4,142,140,0,18,0,0,0,0,15,20,0,4,22,28
17031670600,5,11,153,174,0,0,0,0,0,0,0,0,0,4,5,11
17031670700,8,0,136,191,0,0,0,0,0,0,0,15,6,0,14,15
17031670800,0,10,221,307,0,0,0,0,0,0,0,0,0,0,0,10
17031670900,16,22,172,231,0,0,0,0,0,0,16,7,17,6,32,23
17031671100,0,2,139,158,0,0,0,0,0,0,0,0,0,0,0,2
17031671200,0,13,169,125,0,0,0,0,0,0,0,0,0,0,0,0
17031671300,0,0,304,297,0,0,0,0,0,0,14,0,0,0,14,0
17031671400,0,41,196,245,0,0,0,0,0,0,0,0,0,0,0,41
17031671500,50,24,318,350,0,0,0,0,0,0,54,6,0,0,87,26
17031671600,4,7,316,366,0,0,0,0,0,0,9,0,0,5,9,0
17031671800,0,0,161,196,0,0,0,0,0,0,0,13,7,0,0,13
17031671900,8,8,68,211,0,0,0,0,0,0,0,10,0,0,0,18
17031672000,0,20,376,687,0,0,0,0,0,0,0,27,42,5,0,27
17031680500,0,9,202,227,0,0,0,0,0,0,0,11,0,0,0,11
17031680600,0,7,229,128,0,0,0,0,0,0,0,0,0,0,0,0
17031680900,0,10,905,785,0,0,0,20,0,0,0,0,0,0,0,0
17031681000,12,0,584,476,0,0,0,0,0,0,0,34,10,0,0,0
17031681100,0,0,452,448,0,12,0,0,0,0,21,0,0,0,21,12
17031681200,5,0,418,340,0,0,0,0,0,0,0,26,3,8,5,26
17031681300,0,0,307,404,0,0,0,0,0,0,0,13,0,0,0,13
17031681400,11,0,347,477,0,0,0,0,0,0,0,0,0,0,11,0
17031690300,0,0,473,304,0,0,0,0,0,0,0,0,11,0,0,0
17031690400,0,0,551,797,0,0,0,0,0,0,0,0,23,0,0,0
17031690500,0,0,134,187,0,0,0,0,0,0,0,0,0,0,0,0
17031690900,8,18,555,1053,0,0,0,0,0,0,0,0,35,0,0,0
17031691000,0,0,211,890,0,0,0,0,0,0,8,0,0,0,8,0
17031691100,0,0,570,491,0,0,0,0,0,0,0,0,0,10,16,10
17031691200,0,22,404,655,0,0,0,0,0,0,0,0,0,0,0,0
17031691300,0,0,333,684,0,0,0,0,0,0,0,0,24,25,24,10
17031691400,0,0,515,730,0,0,0,0,0,0,0,21,0,0,0,9
17031691500,0,23,448,269,0,0,0,0,0,0,0,33,0,0,0,33
17031700100,46,111,150,619,0,0,0,0,0,0,39,94,0,9,54,176
17031700200,51,640,58,337,0,13,0,44,0,0,95,571,27,28,106,976
17031700301,138,845,56,171,0,6,0,14,0,0,123,369,0,21,206,746
17031700302,63,931,25,355,0,0,0,0,0,0,55,283,0,47,71,707
17031700401,34,202,399,849,0,11,0,30,0,0,23,280,0,56,47,378
17031700402,110,281,152,655,0,0,0,0,0,0,0,108,0,0,56,276
17031700501,21,85,419,1764,0,0,0,31,0,0,0,11,0,85,21,71
17031700502,0,93,32,875,0,0,0,0,0,0,0,8,10,22,0,15
17031710100,7,4,170,297,0,0,0,0,0,0,0,6,5,0,7,10
17031710200,47,21,579,1088,0,0,0,0,0,0,0,0,0,0,0,0
17031710300,0,0,149,312,15,9,0,0,0,0,0,21,21,12,5,21
17031710400,5,9,645,1191,0,0,0,0,0,0,0,21,0,0,0,14
17031710500,0,20,484,992,0,0,0,9,0,0,0,22,0,31,0,43
17031710600,4,0,235,391,0,0,0,0,0,0,0,22,0,0,0,0
17031710700,0,0,322,909,0,0,0,0,0,0,0,0,11,0,11,0
17031710800,0,0,590,1291,25,0,0,37,0,0,0,0,0,0,0,0
17031710900,8,7,296,445,0,0,0,0,0,0,12,0,0,6,14,7
17031711000,0,6,427,558,0,0,0,26,0,0,0,0,0,0,0,0
17031711100,15,7,187,707,0,0,0,6,0,0,0,0,0,0,15,7
17031711200,0,3,498,1445,0,0,0,0,0,0,0,23,0,0,0,0
17031711300,0,15,214,365,0,0,0,0,0,0,0,0,0,0,0,15
17031711400,0,0,205,595,0,0,0,6,0,0,0,9,0,16,0,9
17031711500,0,0,326,505,0,0,0,0,0,0,0,0,0,0,0,0
17031720100,0,781,0,363,0,0,0,9,0,0,0,26,0,0,0,77
17031720200,16,650,51,814,0,0,0,20,0,0,0,34,0,35,0,85
17031720300,0,847,0,461,0,0,0,20,0,0,0,26,0,0,0,87
17031720400,24,592,0,29,0,0,0,3,0,0,0,23,0,0,2,36
17031720500,4,743,0,25,0,0,0,10,0,0,0,0,0,0,0,52
17031720600,8,423,12,157,0,0,0,5,0,0,0,0,0,6,0,6
17031720700,9,510,71,709,0,10,0,17,0,0,0,0,0,14,0,20
17031730100,5,8,227,637,0,0,0,0,0,0,5,0,11,0,11,0
17031730201,0,19,669,1560,0,0,0,24,0,0,0,0,0,0,0,0
17031730202,0,15,155,944,0,0,0,0,0,0,0,0,0,13,0,0
17031730300,0,0,104,299,0,0,0,4,0,0,0,0,0,13,0,0
17031730400,0,18,310,1013,0,0,0,0,0,0,0,0,0,17,0,9
17031730500,0,8,250,1233,0,0,0,0,0,0,0,0,0,26,0,0
17031730600,0,13,238,928,0,0,0,0,0,0,0,0,0,0,0,0
17031730700,0,0,251,418,0,0,0,0,0,0,0,3,13,34,0,3
17031740100,66,1058,0,9,0,0,0,0,0,0,0,0,0,20,0,70
17031740200,89,1819,0,0,0,0,0,7,0,0,0,0,0,0,13,87
17031740300,0,1747,0,33,0,0,0,0,0,0,0,27,0,0,0,121
17031740400,26,1525,32,237,0,0,0,35,0,0,0,21,0,0,0,104
17031750100,0,9,334,989,0,0,0,0,0,0,0,0,0,52,0,27
17031750200,0,414,120,711,8,0,0,0,0,0,0,5,0,0,0,45
17031750300,28,793,5,91,0,0,0,5,0,0,0,10,0,0,0,35
17031750400,20,800,8,350,0,0,0,0,0,0,0,7,0,0,0,71
17031750500,0,515,184,1327,0,0,0,0,0,0,0,0,42,0,42,40
17031750600,0,23,391,829,0,0,0,0,0,0,0,0,0,14,0,0
17031760801,149,1215,17,112,0,0,0,420,0,0,0,141,62,12,29,225
17031760802,112,943,0,19,0,0,0,19,0,0,0,21,0,9,0,30
17031760803,252,2203,0,44,0,0,0,217,0,0,0,39,63,0,46,137
17031770201,188,2118,0,47,0,0,11,269,0,0,0,76,7,64,72,171
17031770202,39,1934,0,0,0,0,0,33,0,0,58,71,0,0,72,85
17031770300,71,2465,0,60,0,0,0,178,0,0,0,18,0,24,0,210
17031770400,109,1328,0,80,0,0,21,130,0,7,9,71,17,20,41,285
17031770500,207,743,0,0,0,10,0,0,0,0,18,102,0,15,160,659
17031770601,91,780,0,0,0,0,29,105,0,0,0,36,0,10,0,58
17031770602,137,1016,45,17,0,0,0,142,0,0,14,178,0,7,100,517
17031770700,55,1002,7,6,0,0,0,9,0,0,11,5,0,0,11,109
17031770800,222,1635,0,16,0,0,14,0,0,0,0,76,0,18,24,261
17031770901,110,1787,0,10,0,0,0,145,0,0,0,0,0,0,8,91
17031770902,61,1219,0,13,0,0,0,63,0,0,0,48,0,0,10,97
17031800100,7,822,0,0,0,0,0,46,0,0,0,0,0,0,0,0
17031800200,36,2202,0,91,0,0,0,30,0,0,0,0,0,0,0,72
17031800300,23,1143,0,0,0,0,0,26,0,0,0,11,0,16,0,21
17031800400,0,1159,0,0,0,0,0,50,0,0,0,0,0,31,0,26
17031800500,0,1607,0,0,0,8,0,45,0,0,0,0,0,10,0,35
17031800600,7,697,0,4,0,0,0,31,0,0,0,0,0,14,0,25
17031800700,0,1518,0,8,0,0,0,115,0,0,0,0,0,7,0,61
17031800800,14,851,0,9,0,0,0,105,0,0,0,0,0,0,0,33
17031800900,27,1034,0,20,0,0,18,346,0,0,0,0,0,0,0,44
17031801000,39,1562,0,9,0,0,0,285,0,0,0,10,12,14,12,24
17031801100,19,1444,0,0,0,0,0,124,0,0,0,0,0,26,0,18
17031801200,0,1237,0,0,0,0,0,51,0,0,0,0,0,8,0,17
17031801300,68,1427,21,0,0,0,11,119,0,0,0,0,0,0,0,20
17031801400,0,867,0,10,0,0,0,163,0,0,0,0,0,0,0,20
17031801500,72,2051,0,65,29,0,29,164,0,0,0,0,0,0,0,0
17031801601,17,1522,0,0,0,0,2,218,0,0,0,9,0,7,0,20
17031801603,29,1091,0,87,0,0,13,288,0,0,0,35,9,27,0,200
17031801605,15,1941,0,0,0,0,14,234,0,0,0,0,0,12,0,59
17031801606,30,2123,0,0,0,0,0,325,0,0,0,0,0,28,0,0
17031801607,17,1453,0,9,0,0,19,548,0,0,0,0,0,24,0,63
17031801608,0,2259,0,13,0,0,0,581,0,0,0,0,0,34,0,41
17031801701,9,1102,0,0,0,0,0,112,0,0,0,14,0,0,0,24
17031801702,8,1528,0,0,0,0,0,144,0,0,0,0,0,11,0,46
17031801800,33,2073,0,0,0,0,0,229,0,0,0,0,0,15,0,22
17031801901,33,1629,0,0,6,0,16,125,0,0,0,11,0,8,32,178
17031801902,7,1018,0,15,0,0,0,90,0,0,0,0,0,6,0,6
17031802002,10,1439,10,12,0,0,0,141,0,0,0,32,0,0,0,69
17031802003,18,691,9,5,0,0,11,116,0,0,0,3,0,17,10,122
17031802004,170,1228,0,78,0,0,73,545,0,0,0,15,0,0,0,149
17031802100,25,970,0,0,0,0,0,117,0,0,0,0,0,36,0,19
17031802200,6,1794,0,29,0,0,0,54,0,0,0,0,0,0,0,38
17031802300,61,1836,0,15,0,0,0,344,0,0,0,0,0,1,0,72
17031802402,184,1306,22,76,0,0,36,122,0,25,21,250,0,54,86,375
17031802403,51,695,0,3,0,0,0,63,0,0,0,0,0,22,0,10
17031802404,138,1580,0,56,19,22,75,356,0,19,56,360,0,14,142,618
17031802503,213,1539,0,0,0,38,23,455,0,0,0,75,0,60,0,158
17031802504,117,1409,0,19,0,8,34,175,0,8,53,241,0,11,121,526
17031802505,251,1115,65,75,0,0,61,418,0,0,177,187,0,17,298,383
17031802506,42,488,0,9,0,8,4,85,0,0,26,103,0,25,46,252
17031802605,118,2121,0,0,0,0,20,459,0,0,0,12,0,41,0,57
17031802607,0,455,0,0,0,0,5,19,0,0,0,0,0,0,0,34
17031802608,110,2706,0,24,0,0,0,124,0,0,0,32,0,13,0,72
17031802609,183,1186,0,77,0,0,0,370,0,0,213,361,0,38,241,597
17031802610,24,531,0,0,0,0,0,70,0,0,0,6,0,4,0,10
17031802701,148,1553,0,16,0,13,29,316,0,14,40,75,0,0,76,197
17031802702,43,1366,0,9,0,0,18,273,0,0,0,29,32,8,10,56
17031802801,35,1632,0,29,0,0,10,100,0,0,0,52,0,9,0,85
17031802802,15,1957,0,26,0,24,2,189,0,0,0,63,0,20,0,146
17031802900,0,1967,0,0,0,0,0,63,0,0,0,0,0,22,0,22
17031803005,86,878,0,20,0,0,0,69,0,0,0,29,0,0,0,55
17031803007,33,1659,28,0,0,0,0,201,0,0,45,13,0,17,45,50
17031803008,65,1450,0,20,0,0,0,104,0,0,0,23,0,5,13,50
17031803010,28,1678,0,18,0,0,0,163,0,0,0,101,0,0,0,165
17031803012,79,712,0,0,15,0,11,58,0,0,0,24,0,34,22,98
17031803013,87,1831,0,14,0,0,16,81,0,16,16,116,0,30,16,133
17031803014,121,1025,7,16,0,0,0,102,0,0,0,86,0,0,29,183
17031803015,54,1609,33,62,0,0,0,144,0,0,0,0,0,0,21,60
17031803016,5,404,0,0,0,0,11,460,0,0,9,0,0,23,9,12
17031803017,112,1939,0,22,0,0,0,335,0,0,0,203,34,20,0,310
17031803100,16,1166,0,0,0,0,7,18,0,0,0,0,0,14,0,22
17031803200,11,2184,18,19,0,0,0,100,0,0,0,0,0,0,0,91
17031803300,193,2176,0,22,0,0,30,244,0,0,0,62,0,31,12,172
17031803400,86,2025,0,0,0,0,7,90,0,0,0,10,0,14,0,62
17031803500,25,2177,0,0,0,0,0,46,0,0,0,0,0,0,0,0
17031803603,46,1750,0,33,0,0,23,427,0,0,0,0,0,40,0,0
17031803604,86,1511,7,21,0,0,7,133,0,0,0,58,0,22,10,118
17031803605,226,1903,0,47,0,0,55,278,0,0,55,83,0,0,111,202
17031803606,116,1183,0,93,0,31,40,187,0,0,202,907,17,0,226,1069
17031803607,9,1640,0,0,0,0,0,85,0,0,0,55,0,57,0,135
17031803608,147,2008,49,96,0,0,15,270,0,0,89,121,13,41,106,178
17031803610,33,2339,80,94,0,0,0,391,0,0,0,110,34,112,34,247
17031803611,92,1100,0,137,0,0,0,133,0,0,99,321,30,125,129,613
17031803612,150,722,0,38,0,18,0,118,0,0,76,98,0,8,207,280
17031803701,96,1068,0,9,0,0,0,102,0,0,0,92,0,11,0,110
17031803702,93,2184,0,31,0,0,0,188,0,0,0,20,0,95,21,126
17031803800,52,1474,0,22,8,0,19,68,0,0,0,66,0,53,8,131
17031803901,50,1507,0,19,15,0,0,107,0,0,0,22,0,41,15,52
17031803902,16,1107,0,0,0,0,0,19,0,0,0,105,0,28,0,168
17031804000,55,1576,0,44,0,0,0,90,0,0,5,83,0,17,16,199
17031804102,18,2177,0,13,0,0,0,322,0,0,0,0,0,0,0,39
17031804104,34,1306,0,32,0,0,7,361,0,0,0,0,0,35,0,57
17031804105,0,1076,0,0,0,0,0,152,0,0,0,0,0,27,0,6
17031804106,47,1991,10,24,0,16,9,567,0,0,11,36,0,32,11,129
17031804108,107,814,0,145,14,0,0,702,0,16,0,49,0,53,31,122
17031804109,35,829,0,64,0,0,0,103,0,0,0,35,0,14,0,62
17031804201,25,2149,0,0,0,0,21,548,0,22,23,0,0,0,23,64
17031804202,151,1949,0,0,0,0,85,335,0,0,0,74,0,0,0,103
17031804305,162,1682,7,97,0,0,60,153,0,0,13,214,0,16,39,462
17031804306,93,1022,9,22,10,0,38,41,0,0,91,354,0,15,121,516
17031804308,11,1493,58,96,0,0,60,366,0,0,59,210,0,83,59,434
17031804309,63,558,3,48,0,0,7,58,0,0,13,157,0,33,46,242
17031804310,70,2361,44,16,0,0,45,441,0,0,0,121,12,27,0,509
17031804311,27,1543,0,82,0,25,11,653,0,0,105,197,0,30,132,373
17031804403,142,1564,0,119,0,58,0,259,0,12,0,221,0,55,90,609
17031804404,36,908,0,27,0,0,13,95,0,0,85,357,0,13,103,647
17031804405,52,435,57,90,0,20,15,142,0,0,80,180,0,0,89,410
17031804406,157,1164,0,107,0,10,10,180,0,0,57,301,0,16,97,727
17031804505,54,1154,23,34,0,11,15,62,0,0,16,16,0,11,44,146
17031804506,59,1358,0,17,0,11,21,179,0,0,0,38,0,32,12,146
17031804507,91,2999,0,112,0,0,45,674,0,0,0,200,0,83,0,355
17031804508,71,367,43,17,5,0,25,74,0,0,16,101,8,8,65,160
17031804509,134,794,0,21,0,0,18,159,0,0,37,425,0,33,124,671
17031804510,146,578,10,38,0,4,14,19,0,0,102,554,0,26,176,823
17031804511,54,361,10,43,0,5,17,86,0,0,30,149,0,0,64,314
17031804603,101,1475,0,113,0,0,0,614,0,0,105,151,14,78,119,268
17031804606,30,1979,0,35,0,0,27,364,0,0,0,45,0,20,0,132
17031804607,65,1889,0,47,0,0,41,239,0,0,0,23,51,41,38,93
17031804608,65,956,0,38,0,0,7,276,0,0,0,53,0,29,0,110
17031804609,0,1456,0,14,0,25,34,690,0,0,0,18,0,51,0,64
17031804610,54,838,0,20,0,0,3,205,0,0,0,0,0,26,0,28
17031804611,39,1494,10,28,0,7,8,177,0,0,0,0,0,41,0,88
17031804701,71,1248,39,196,0,0,15,609,0,0,31,222,10,34,31,304
17031804705,41,959,0,106,13,0,21,213,0,0,39,165,0,12,39,242
17031804706,21,585,0,7,0,0,20,72,0,0,8,45,0,13,0,69
17031804709,60,1556,28,104,0,0,63,360,0,0,13,216,20,16,32,346
17031804710,88,1180,0,35,0,12,6,118,0,0,0,51,0,19,0,79
17031804711,94,1496,0,210,0,19,102,809,0,0,41,141,0,25,41,299
17031804712,10,1312,19,105,0,0,20,260,0,0,17,65,0,7,8,134
17031804713,57,948,0,58,0,18,52,788,0,0,62,61,0,19,62,117
17031804714,28,999,0,0,0,14,46,111,0,0,0,23,8,23,0,89
17031804715,68,360,0,47,0,0,82,226,0,0,60,197,8,8,125,223
17031804716,55,878,31,13,0,13,62,462,0,0,0,51,0,34,0,147
17031804803,91,1415,73,22,0,17,16,367,0,0,0,46,0,26,77,111
17031804804,61,1624,14,182,0,46,107,292,0,0,0,176,0,0,16,285
17031804805,66,1854,0,115,0,0,0,288,0,0,0,65,0,32,0,167
17031804806,19,823,9,28,0,0,4,47,0,0,0,138,33,0,0,270
17031804807,98,1262,13,18,0,0,16,178,0,0,0,143,0,11,9,207
17031804808,14,663,0,4,0,9,2,68,0,0,0,53,0,5,0,81
17031804809,20,1197,0,45,0,0,0,145,0,0,0,0,0,27,0,7
17031804810,141,1804,0,55,0,0,53,295,0,34,0,75,0,0,31,186
17031804901,23,2275,0,16,0,0,15,63,0,0,0,15,0,61,0,31
17031804902,58,1652,0,0,0,0,15,99,0,0,0,0,0,34,35,139
17031805001,52,1705,0,0,0,0,0,7,0,0,0,6,0,11,0,108
17031805002,278,1590,0,162,59,0,71,382,0,0,54,126,60,50,105,343
17031805105,156,1494,18,98,0,0,31,386,0,22,58,276,0,0,77,629
17031805106,56,988,0,38,0,0,0,114,0,0,0,0,0,7,0,14
17031805107,193,1560,37,218,0,0,45,374,0,0,73,266,26,65,216,577
17031805108,133,1333,0,199,0,75,21,485,0,0,0,212,0,0,73,489
17031805109,161,1282,10,57,0,0,36,112,0,0,0,0,0,0,0,41
17031805110,68,1725,0,8,0,0,38,90,0,0,0,0,0,9,0,17
17031805111,332,1711,0,106,0,0,86,357,0,0,66,70,14,46,175,611
17031805112,81,942,10,31,0,0,34,156,0,0,0,31,0,0,10,137
17031805201,41,884,0,0,0,0,0,184,0,0,0,0,0,55,0,61
17031805202,69,1243,0,19,0,11,0,242,0,0,0,11,0,17,0,69
17031805301,49,707,33,57,0,0,30,201,0,0,18,2,8,14,0,31
17031805302,38,832,0,9,0,0,67,261,0,0,0,0,8,60,0,22
17031805401,80,1097,0,33,0,0,0,111,0,0,0,8,19,9,27,48
17031805402,38,1531,0,34,0,1,0,132,0,0,0,37,0,17,0,82
17031805501,27,1379,0,0,0,0,9,41,0,19,0,17,0,0,11,112
17031805502,7,1477,0,0,0,0,0,48,0,0,0,9,0,0,0,36
17031805600,13,1415,0,0,0,0,0,68,0,0,0,0,0,0,0,14
17031805701,7,1850,0,0,0,0,0,51,0,0,0,43,0,0,0,166
17031805702,35,655,0,0,0,0,0,6,0,0,0,0,0,7,0,0
17031805801,37,910,0,8,0,0,0,26,0,0,0,0,0,8,0,38
17031805802,23,1812,0,0,0,0,0,26,0,0,0,0,0,20,0,137
17031805901,56,1514,7,0,0,0,0,202,0,0,0,7,0,27,0,143
17031805902,58,1765,0,0,0,0,0,231,0,0,0,0,15,0,15,37
17031806001,164,1085,0,136,0,64,92,679,0,0,0,41,0,69,16,214
17031806002,249,1282,31,62,0,0,87,811,0,0,43,18,0,49,70,164
17031806003,181,1393,0,25,0,0,125,1101,0,0,23,16,0,17,23,180
17031806004,247,1722,14,23,0,0,58,560,0,0,13,29,28,9,124,205
17031806102,101,1023,0,14,0,0,47,158,0,0,28,8,0,0,34,119
17031806103,50,1508,0,0,0,10,8,146,0,5,21,7,6,7,30,124
17031806104,118,702,194,125,22,0,210,262,0,0,10,89,0,20,33,90
17031806201,185,1751,0,32,0,0,15,269,0,0,0,49,0,0,105,226
17031806202,189,2035,33,51,0,0,17,117,0,0,0,4,0,19,11,162
17031806300,36,1516,0,44,0,0,0,62,0,10,5,0,0,14,5,213
17031806400,68,744,0,4,0,3,0,21,0,0,0,5,0,0,32,47
17031806501,62,385,0,39,0,8,42,95,0,0,0,85,5,5,5,123
17031806502,63,1148,11,22,0,0,0,80,0,0,10,80,0,49,31,319
17031806600,75,986,0,12,0,0,24,123,0,0,0,70,0,0,15,277
17031806700,32,1185,21,57,0,0,0,122,0,0,0,34,0,19,0,87
17031806801,86,866,10,55,0,0,22,245,0,0,0,33,7,89,0,48
17031806802,18,566,11,123,0,5,35,313,0,0,0,0,0,12,0,58
17031806900,255,1185,0,37,0,0,60,554,0,0,0,0,44,82,88,99
17031807000,138,1085,30,186,0,0,45,454,0,0,0,42,0,27,39,187
17031807100,30,890,0,134,0,0,0,117,0,0,0,9,0,6,0,39
17031807200,90,1019,9,196,0,0,60,323,0,0,0,8,0,87,0,107
17031807300,126,1568,72,160,0,17,97,641,0,0,0,0,51,88,14,226
17031807400,193,1187,35,135,0,0,16,482,0,18,0,33,24,35,0,280
17031807500,24,712,0,32,0,0,14,262,0,0,0,8,0,25,0,46
17031807600,135,998,0,168,0,0,38,538,0,0,0,4,18,80,18,138
17031807700,257,1375,0,58,0,0,22,369,0,0,0,47,0,11,36,159
17031807800,9,614,0,3,0,0,41,134,0,0,0,17,0,11,0,83
17031807900,15,1080,0,0,0,0,2,240,0,0,0,9,0,0,0,51
17031808001,5,804,0,34,0,0,24,304,0,0,0,9,24,23,0,64
17031808002,53,1105,0,20,0,0,17,418,0,0,0,13,29,32,3,113
17031808100,48,1461,0,0,11,0,12,74,0,0,0,10,0,23,0,98
17031808200,126,1269,0,33,0,15,91,280,0,0,0,17,0,10,14,149
17031808301,75,1507,0,60,0,0,44,580,0,0,0,51,0,31,0,136
17031808302,91,886,0,55,6,0,9,397,0,0,0,7,0,17,6,80
17031808400,30,1009,0,32,0,0,45,284,0,0,0,26,0,19,8,50
17031808500,20,953,0,12,0,0,19,252,0,0,0,28,0,23,0,58
17031808600,21,647,0,0,0,0,0,29,0,0,0,4,0,2,0,15
17031808702,0,328,0,4,0,0,0,58,0,0,0,0,4,7,0,8
17031808800,0,1208,0,55,0,0,0,108,0,0,0,0,0,18,0,18
17031808900,12,1520,0,0,0,0,0,68,0,0,0,20,0,4,0,30
17031809000,8,1343,0,53,0,0,0,60,0,0,0,17,0,31,0,22
17031809100,4,1253,10,67,0,0,0,61,0,0,0,0,0,10,0,18
17031809200,115,324,194,678,0,0,0,47,0,0,13,63,0,66,56,264
17031809300,43,1104,42,175,0,0,0,260,0,0,0,15,0,17,0,84
17031809400,16,1998,0,62,0,0,0,509,0,0,0,41,0,0,0,193
17031809500,57,1374,9,171,0,0,0,274,0,0,0,0,0,46,16,115
17031809600,48,448,71,384,0,0,0,27,0,0,10,32,11,13,42,103
17031809700,31,639,41,297,0,0,0,33,0,0,0,53,0,69,0,120
17031809800,43,860,8,46,0,0,0,42,0,0,0,18,0,17,0,74
17031809900,19,1130,0,39,0,0,0,117,0,0,0,0,0,18,10,70
17031810000,47,2314,0,67,0,0,0,173,0,0,0,47,0,64,14,133
17031810100,79,1431,102,233,0,0,0,109,0,0,0,64,0,11,22,99
17031810200,66,1412,135,599,0,0,52,94,0,0,36,68,35,67,75,217
17031810301,86,777,43,488,0,0,10,36,0,0,0,24,0,11,61,209
17031810302,13,687,36,275,0,0,0,70,0,0,11,28,0,16,11,41
17031810400,35,1904,0,0,0,0,0,47,0,0,0,0,0,9,16,94
17031810501,81,1669,0,0,0,11,0,54,0,0,0,10,0,19,0,132
17031810502,139,1544,0,0,0,0,10,107,0,0,23,13,27,0,50,99
17031810600,78,1488,0,46,0,0,0,177,0,0,0,58,0,0,0,224
17031810701,274,1434,0,30,0,0,8,28,0,0,16,54,0,10,145,478
17031810702,242,965,0,9,17,0,10,47,0,0,58,106,0,20,139,375
17031810800,125,1390,0,18,0,0,0,77,0,0,0,79,0,11,21,255
17031810900,113,1923,80,112,0,0,0,99,0,0,0,220,15,0,29,688
17031811000,19,1454,0,32,0,0,8,86,0,0,0,27,0,16,0,131
17031811100,240,2025,0,0,0,0,0,0,0,0,38,137,0,31,96,341
17031811200,184,1397,22,0,0,0,0,34,0,0,0,104,0,19,25,375
17031811301,163,1037,14,55,0,0,0,13,0,0,5,107,18,25,117,676
17031811302,149,544,34,80,13,6,0,9,0,0,50,198,0,3,186,436
17031811401,167,1232,20,8,5,0,14,73,0,0,37,146,0,39,83,502
17031811402,61,1226,0,0,0,15,0,79,0,0,28,41,0,27,42,506
17031811500,96,1721,0,0,0,0,0,24,0,0,25,133,0,28,61,586
17031811600,186,1753,0,20,0,22,0,106,0,0,0,130,57,36,15,423
17031811701,170,725,0,33,0,0,18,8,0,0,68,176,0,5,198,515
17031811702,77,1054,8,56,0,22,0,59,0,0,118,210,0,26,130,564
17031811800,222,1080,15,15,0,0,0,6,0,0,0,131,6,13,161,494
17031811900,46,1590,0,127,0,0,0,60,0,0,0,36,0,12,0,96
17031812000,0,1864,20,107,0,0,0,56,0,0,0,12,0,35,0,37
17031812100,21,964,35,456,0,8,0,35,0,0,0,16,0,0,0,91
17031812200,22,1061,12,111,0,0,0,36,0,0,0,31,0,23,22,45
17031812301,18,1525,0,424,0,0,0,213,0,0,0,59,30,66,30,219
17031812302,23,737,19,137,0,0,0,46,0,0,0,0,0,15,6,58
17031812400,9,1006,0,28,0,0,0,56,0,0,0,0,0,0,0,0
17031812500,24,861,166,377,0,0,0,61,0,0,0,38,9,14,0,59
17031812600,0,984,49,453,0,0,20,160,0,0,0,38,0,55,0,128
17031812700,79,975,46,210,0,0,0,83,0,0,10,61,53,29,33,145
17031812801,144,1105,115,289,0,0,0,81,0,0,0,25,24,8,0,92
17031812802,61,872,40,173,0,0,0,72,0,0,0,23,10,42,0,76
17031812900,32,1423,90,97,0,0,0,69,0,0,0,7,0,9,0,80
17031813000,1,1020,46,273,0,0,0,12,0,0,16,13,0,33,16,117
17031813100,19,1197,67,298,0,0,0,113,0,0,0,33,9,74,0,68
17031813200,18,1210,79,99,0,0,26,54,0,0,0,28,10,28,0,58
17031813301,60,184,48,13,0,0,0,0,0,0,171,388,0,0,221,548
17031813302,92,231,17,41,0,0,0,0,0,0,103,393,0,0,190,587
17031813400,117,536,64,45,0,11,0,0,0,0,212,840,50,18,347,1220
17031813500,50,660,32,56,0,0,0,24,0,0,298,668,26,36,352,1178
17031813600,130,278,0,21,0,0,0,21,0,0,218,751,16,6,355,965
17031813701,139,251,77,18,0,20,0,0,0,0,118,348,0,0,268,555
17031813702,52,188,67,100,0,0,0,10,0,0,125,531,0,0,177,702
17031813801,62,227,0,0,0,6,0,6,0,0,87,366,0,0,143,565
17031813802,145,376,39,19,10,0,8,34,0,0,203,565,0,14,306,821
17031813900,162,532,0,65,0,0,0,16,0,0,280,505,0,10,380,877
17031814000,161,527,33,14,9,0,0,0,0,0,99,493,0,7,201,874
17031814100,82,350,43,69,0,0,0,10,0,0,144,500,0,37,211,816
17031814200,175,653,16,35,0,0,0,0,0,0,335,673,0,22,469,1178
17031814300,178,332,31,0,0,27,0,14,0,0,172,545,0,10,350,813
17031814400,237,1006,21,22,0,4,0,18,0,0,309,614,11,33,448,1124
17031814500,107,612,0,29,0,9,0,0,0,0,95,597,0,0,148,969
17031814600,207,960,58,106,0,0,1,27,0,0,64,185,0,65,245,666
17031814700,164,990,10,9,0,0,11,65,0,0,65,211,52,10,120,714
17031814800,77,850,90,335,0,14,0,119,0,0,92,454,0,0,130,803
17031814900,309,1141,161,305,0,0,0,36,0,0,108,257,0,14,245,793
17031815000,160,477,38,83,0,16,8,22,0,0,52,363,11,37,146,615
17031815100,124,550,0,71,0,4,26,29,0,0,129,371,0,13,237,581
17031815200,146,995,54,97,0,39,0,48,0,0,166,601,0,39,208,1089
17031815300,110,640,0,31,0,0,0,73,0,0,79,269,0,64,108,480
17031815400,130,1403,13,64,0,0,13,30,0,0,56,226,38,45,145,501
17031815500,101,1355,0,34,0,0,0,17,0,0,147,731,17,148,179,1278
17031815600,239,1339,0,65,0,0,0,20,0,0,97,130,0,27,122,357
17031815701,33,1196,0,9,0,4,0,10,0,0,0,22,0,21,18,112
17031815702,127,1690,14,31,0,0,0,48,0,0,0,0,0,0,60,136
17031815800,28,503,0,0,0,0,0,8,0,0,0,16,0,0,0,50
17031815900,91,1430,303,749,16,0,0,186,0,0,0,0,18,107,51,66
17031816000,68,1024,19,345,0,0,0,119,0,0,0,18,0,11,0,56
17031816100,86,1494,179,519,0,14,0,147,0,0,16,65,16,75,16,173
17031816200,45,971,47,251,0,0,0,48,0,0,35,148,0,5,75,386
17031816300,156,989,0,38,0,0,0,7,0,0,89,313,0,10,174,793
17031816401,94,629,26,8,0,0,0,0,0,0,195,400,0,10,289,805
17031816402,65,636,13,32,0,11,0,0,0,0,47,358,0,0,83,768
17031816500,213,685,32,25,0,0,0,0,0,0,89,272,0,5,236,644
17031816600,176,388,22,21,0,0,0,47,0,0,163,330,0,42,318,637
17031816700,71,451,6,67,0,0,7,15,0,0,74,114,0,4,117,390
17031816800,122,1046,77,436,0,9,6,31,0,0,9,111,17,6,73,365
17031816900,25,280,372,794,0,0,8,13,0,0,0,243,0,15,26,454
17031817000,0,214,256,1104,0,10,0,0,0,0,0,122,0,0,0,258
17031817101,0,76,416,1087,0,0,0,38,0,0,15,63,0,25,0,90
17031817102,54,71,151,731,0,0,0,0,0,0,0,30,0,27,54,19
17031817200,36,76,440,834,0,0,0,0,0,0,18,80,38,58,91,140
17031817300,10,51,251,378,0,0,0,0,0,0,0,117,0,7,6,157
17031817400,81,305,149,195,0,0,0,8,0,0,78,253,14,32,144,403
17031817500,66,0,464,653,0,0,9,34,0,0,17,47,0,0,38,63
17031817600,37,79,364,679,0,0,0,0,0,0,4,60,0,13,41,118
17031817700,0,197,360,1039,0,0,9,0,0,0,38,12,0,0,38,151
17031817900,62,360,555,1382,0,0,0,73,0,0,0,0,0,0,0,43
17031818000,99,611,108,497,0,0,12,145,0,0,13,0,22,27,66,110
17031818100,17,617,23,92,0,0,0,42,0,0,0,48,0,8,6,135
17031818200,72,906,89,383,8,0,0,42,0,0,0,97,20,72,0,318
17031818300,110,679,206,719,0,0,0,20,0,0,29,218,18,12,110,374
17031818401,37,791,48,269,0,0,0,60,0,0,0,99,0,17,10,236
17031818402,15,963,13,248,0,0,0,32,0,0,0,80,0,35,0,146
17031818500,30,2012,16,108,0,0,0,123,0,0,0,102,7,14,7,217
17031818600,149,1486,48,81,0,0,0,78,0,0,13,14,10,16,58,154
17031818700,92,1163,0,32,8,0,0,9,0,0,8,25,0,0,16,145
17031818800,66,1914,0,29,0,0,17,15,0,0,0,17,0,50,0,135
17031818900,35,1632,19,55,0,0,0,30,0,0,7,31,0,11,13,146
17031819000,11,1522,0,0,0,0,0,0,0,0,0,8,0,10,0,53
17031819100,184,1255,24,115,0,0,10,7,0,0,0,92,0,39,56,425
17031819200,144,1485,0,33,0,0,21,30,0,0,33,346,8,34,41,777
17031819300,28,872,0,29,0,0,9,7,0,0,0,53,0,17,0,213
17031819400,185,1349,106,74,0,21,0,31,0,0,44,133,17,0,87,401
17031819500,26,1047,76,126,0,0,0,22,0,0,0,0,0,24,0,88
17031819600,8,1216,0,0,0,0,0,0,0,0,0,0,0,9,8,18
17031819700,43,1778,0,10,0,0,0,7,0,0,0,0,0,6,0,36
17031819801,21,1664,11,0,0,0,0,21,0,0,0,0,0,0,0,67
17031819802,6,925,0,4,0,0,0,7,0,0,0,10,0,7,0,43
17031819900,0,1122,0,0,0,0,0,11,0,0,0,0,0,0,0,16
17031820000,0,541,0,17,0,0,13,109,0,0,0,0,0,0,0,25
17031820101,127,2565,0,27,0,0,0,99,0,0,0,19,0,14,0,48
17031820103,61,1229,0,18,0,0,0,19,0,0,34,65,0,17,34,297
17031820104,163,1286,33,80,0,0,0,16,0,0,0,15,0,37,88,156
17031820201,93,2761,0,28,0,0,30,132,0,0,0,72,0,46,54,171
17031820202,234,911,0,20,0,0,0,4,0,0,2,58,0,0,90,200
17031820300,205,903,0,46,0,0,32,83,0,0,75,280,0,0,248,721
17031820400,157,785,144,168,0,16,11,0,0,0,80,259,24,0,208,835
17031820501,81,1863,0,47,0,0,0,58,0,0,0,3,0,29,0,416
17031820502,252,1195,0,29,0,0,10,49,0,0,48,109,0,33,96,200
17031820603,368,1276,34,87,8,0,21,20,0,0,24,36,31,12,176,232
17031820604,319,1059,11,13,0,0,0,0,0,0,0,40,25,58,56,227
17031820605,137,526,338,643,0,0,0,22,0,0,11,31,0,0,55,185
17031820606,48,1250,0,36,0,0,0,34,0,0,0,48,0,58,0,188
17031820700,335,1300,0,19,0,0,45,0,0,0,99,462,0,0,132,862
17031820800,161,739,0,14,0,0,0,8,0,0,35,162,0,22,92,374
17031820901,288,1246,0,129,0,51,14,15,0,0,0,66,0,19,84,463
17031820902,99,1171,0,56,0,0,0,18,0,0,65,78,9,9,93,501
17031821001,202,1319,9,29,0,0,0,15,0,0,0,31,26,0,50,154
17031821002,252,1349,0,24,0,0,0,21,0,0,0,132,7,0,74,360
17031821101,206,1017,0,8,0,0,8,15,0,0,30,113,14,41,43,270
17031821102,200,900,0,48,0,0,10,8,0,0,24,85,22,22,42,242
17031821200,207,538,302,783,0,29,0,0,0,0,51,274,0,18,224,520
17031821300,187,670,270,524,0,27,17,0,0,0,32,291,4,0,126,633
17031821401,41,47,302,1033,0,0,0,0,0,0,0,36,12,58,22,65
17031821402,10,67,148,1179,0,0,0,0,0,0,0,35,0,9,10,0
17031821500,0,27,240,374,0,0,0,0,0,0,5,0,12,6,5,0
17031821600,147,620,48,644,0,0,0,0,0,0,33,73,0,26,67,181
17031821700,26,1371,25,272,0,0,0,0,0,0,0,6,0,0,0,63
17031821800,79,1204,42,540,0,0,0,0,0,0,0,48,0,21,24,144
17031821900,84,1352,17,220,0,0,0,42,0,0,0,44,0,14,0,187
17031822000,146,1500,0,29,0,5,0,7,0,0,0,5,26,0,29,163
17031822101,94,1301,0,83,0,0,0,0,0,0,18,121,0,0,35,198
17031822102,65,1157,15,396,0,0,0,36,0,0,30,174,22,24,10,447
17031822200,43,1123,0,16,0,0,0,14,0,0,0,52,0,17,0,212
17031822301,123,1019,0,26,0,0,0,17,0,0,0,17,0,20,0,147
17031822302,181,1051,9,48,0,0,40,72,0,0,0,106,0,24,46,201
17031822400,250,1585,61,42,0,0,14,8,0,0,0,104,0,0,0,302
17031822500,115,1313,36,66,0,0,8,0,0,0,0,25,0,12,23,195
17031822601,120,1474,14,19,0,0,0,16,0,0,0,51,0,0,15,251
17031822602,257,2018,0,211,0,0,56,112,0,0,0,65,17,17,100,169
17031822701,272,1314,38,209,0,0,0,56,0,0,0,128,0,0,92,218
17031822702,111,1039,9,181,0,0,0,31,0,0,9,54,0,10,9,161
17031822801,38,1093,0,173,0,0,0,28,0,0,0,116,0,33,0,273
17031822802,72,1108,37,7,0,0,0,6,0,0,0,0,0,13,22,122
17031822900,45,588,0,0,0,0,0,0,0,0,28,0,7,6,34,35
17031823001,417,1371,109,396,0,0,41,33,0,0,8,32,0,22,47,171
17031823002,208,1773,0,103,0,0,0,62,0,0,4,12,0,21,4,229
17031823101,263,1318,37,28,0,0,11,0,0,0,9,0,9,0,38,60
17031823102,123,1031,0,9,0,0,0,0,0,0,34,32,0,0,34,90
17031823200,94,1494,0,84,0,0,0,23,0,0,19,9,0,0,57,182
17031823302,114,1001,97,927,25,0,0,7,0,0,43,64,0,75,63,193
17031823303,128,1075,19,221,0,0,0,0,0,0,0,71,0,44,0,317
17031823304,270,1306,77,556,0,0,0,34,0,0,0,116,0,29,60,344
17031823400,194,699,65,362,0,10,0,7,0,0,21,270,72,63,61,582
17031823500,166,851,98,277,0,39,0,6,0,0,48,62,11,39,67,381
17031823602,307,2443,0,44,0,0,0,24,0,0,0,24,0,0,75,24
17031823603,33,175,74,189,20,0,0,0,0,0,25,98,0,0,78,246
17031823604,41,1237,0,14,0,0,0,34,0,0,0,25,0,13,0,87
17031823605,54,1399,8,46,0,0,0,25,0,0,0,11,0,0,0,35
17031823702,117,1825,71,247,0,0,0,50,0,0,0,41,0,39,0,223
17031823703,448,2195,0,33,0,0,62,127,0,0,0,16,0,0,170,290
17031823704,40,1229,0,16,7,0,0,29,0,0,0,0,0,0,0,83
17031823705,192,1376,0,130,0,0,0,0,0,0,0,0,0,0,0,155
17031823801,21,2109,0,23,0,0,0,53,0,0,0,50,0,20,0,153
17031823803,262,1977,0,0,0,0,0,50,0,0,0,0,0,0,20,65
17031823805,47,1285,0,16,0,0,0,26,0,0,0,0,9,10,8,92
17031823806,154,1168,0,27,0,13,0,30,0,0,31,66,33,20,31,136
17031823901,59,1343,0,0,0,9,0,66,0,9,0,0,0,7,0,31
17031823903,67,1488,0,30,0,0,0,0,0,0,0,39,0,9,0,103
17031823904,0,1588,0,0,0,7,0,25,0,0,0,0,0,0,0,7
17031824003,12,2026,0,0,0,0,0,39,0,0,0,0,0,0,0,99
17031824004,205,1876,0,0,0,0,0,34,0,0,0,0,0,0,0,51
17031824005,81,1811,0,19,0,0,0,62,0,0,0,6,17,11,0,114
17031824006,22,1395,0,0,0,0,0,36,0,0,0,21,0,23,0,78
17031824105,141,2077,0,29,0,0,0,86,0,0,0,29,0,0,58,159
17031824106,171,2262,0,28,0,0,0,36,0,0,0,21,14,81,0,108
17031824107,64,2363,0,67,0,0,0,33,0,0,0,34,0,42,0,187
17031824108,60,2173,115,76,12,0,0,146,0,0,0,31,0,0,0,155
17031824113,80,1987,0,55,0,0,85,129,0,0,0,17,0,0,29,143
17031824114,9,1679,0,89,0,0,0,110,0,0,0,0,0,0,0,18
17031824115,82,1153,44,23,0,34,0,74,0,0,0,0,0,14,0,65
17031824116,238,1617,13,157,0,0,20,46,0,0,51,27,0,11,63,144
17031824117,143,2996,0,54,0,0,0,137,0,0,0,22,0,33,0,137
17031824119,0,1892,0,20,0,0,6,114,0,0,27,15,0,19,27,15
17031824120,60,3106,0,44,0,0,0,189,0,0,0,36,0,15,0,116
17031824121,81,1086,0,31,0,0,0,44,0,0,0,0,0,0,0,27
17031824122,31,2203,0,27,0,0,0,49,0,0,0,0,12,0,0,127
17031824123,150,2498,0,65,0,0,0,23,0,0,0,52,0,44,0,319
17031824300,79,35,604,891,0,11,0,0,0,0,0,0,0,0,17,58
17031824400,43,430,22,255,13,0,7,0,0,0,0,35,0,0,5,88
17031824503,193,2458,18,120,0,0,0,63,21,0,17,16,0,0,38,176
17031824505,116,2075,24,119,0,0,0,147,0,0,0,0,0,0,0,280
17031824506,13,2973,14,71,0,0,0,62,0,0,0,64,0,32,0,209
17031824507,144,1390,9,49,0,0,0,81,0,0,36,12,0,21,36,71
17031824601,138,1414,18,31,0,0,0,24,0,0,0,57,0,17,45,153
17031824602,204,1930,0,124,0,0,0,71,0,0,0,24,0,36,27,177
17031824701,60,1079,64,96,0,0,0,0,0,0,12,31,29,25,28,339
17031824702,229,1269,99,280,12,0,0,18,0,0,0,74,0,39,25,366
17031824800,285,1251,195,241,0,28,0,51,0,0,0,186,0,50,180,865
17031824900,71,195,306,487,0,0,0,13,0,0,16,20,0,0,39,44
17031825000,174,1253,23,244,0,0,40,63,0,0,0,112,0,36,82,181
17031825200,7,515,27,56,0,0,0,16,0,0,0,59,0,7,0,206
17031825302,105,1763,88,260,0,0,0,72,0,0,0,46,0,0,0,225
17031825303,78,1293,26,60,0,0,0,19,0,0,0,41,0,0,13,137
17031825304,88,1399,0,0,0,0,0,50,0,0,0,90,0,14,0,207
17031825400,113,1942,0,120,0,0,0,44,0,0,0,0,0,0,29,134
17031825501,0,277,338,1326,0,30,0,0,0,0,0,26,0,0,0,26
17031825503,56,433,215,1853,0,0,0,46,0,0,0,3,0,18,0,24
17031825504,0,127,268,1025,0,0,0,0,0,0,0,0,15,0,0,14
17031825505,0,162,219,1416,0,0,0,67,0,0,0,0,0,17,0,38
17031825600,80,232,458,782,0,0,0,19,0,0,0,85,7,0,23,147
17031825700,116,395,197,653,0,0,0,4,0,0,17,51,13,11,62,240
17031825801,14,85,318,917,0,0,0,7,0,0,0,0,0,0,0,18
17031825802,0,173,659,1327,24,0,0,0,0,0,0,0,0,23,24,130
17031825803,8,264,670,1416,0,0,0,0,0,0,30,40,13,0,30,117
17031825900,16,436,270,421,0,0,0,0,0,0,0,0,10,9,18,275
17031826000,104,273,125,317,0,12,0,0,0,0,11,26,0,0,54,153
17031826100,250,624,557,698,0,0,0,13,0,0,0,9,0,0,132,198
17031826201,30,227,250,1343,0,0,0,0,0,0,0,0,0,0,17,10
17031826202,110,561,438,862,0,0,0,0,0,0,0,0,0,0,98,198
17031826301,12,160,208,999,0,0,0,9,0,0,25,11,0,0,37,63
17031826303,9,108,202,1009,0,0,0,9,0,0,0,0,0,19,0,10
17031826304,0,39,311,777,0,0,0,0,0,0,0,0,0,53,0,0
17031826401,16,59,319,967,0,10,0,7,0,0,0,0,0,0,0,28
17031826402,42,70,402,1025,0,0,0,25,0,0,0,0,0,36,11,11
17031826500,19,173,655,1092,0,0,13,0,0,0,0,29,0,32,11,50
17031826600,85,82,583,1365,0,0,0,12,0,0,0,39,0,0,12,51
17031826700,11,125,690,1231,0,26,0,0,0,0,0,0,0,0,0,21
17031826800,232,336,166,774,0,0,0,10,0,0,13,120,0,34,143,356
17031826901,36,14,201,344,0,0,0,0,0,0,55,10,7,0,91,35
17031826902,0,26,192,337,0,7,0,0,0,0,0,0,0,0,0,7
17031827000,0,65,344,882,0,0,0,0,0,0,0,31,0,18,0,67
17031827100,40,41,345,581,0,0,0,22,0,0,16,9,0,7,31,23
17031827200,134,204,338,693,0,0,0,0,0,0,0,57,0,0,80,151
17031827300,54,51,314,442,0,0,9,14,0,0,8,65,10,0,62,75
17031827400,28,41,574,936,0,0,0,18,0,0,40,26,28,0,81,67
17031827500,47,257,266,937,14,0,0,0,0,0,135,43,0,0,158,191
17031827600,0,0,304,868,0,12,0,0,0,0,0,10,0,0,0,10
17031827700,19,204,244,438,0,0,0,7,0,0,0,6,0,0,0,67
17031827801,29,392,305,774,0,0,0,0,0,0,26,0,0,10,26,59
17031827802,0,230,39,724,0,0,0,9,0,0,12,6,0,0,12,20
17031827804,0,220,74,842,0,0,0,9,0,0,10,0,0,11,10,23
17031827805,0,227,93,687,0,0,0,0,0,0,0,0,0,16,0,20
17031827901,4,60,90,651,0,0,4,11,0,0,0,5,0,13,0,8
17031827902,56,691,373,562,12,0,0,0,0,0,0,45,0,78,38,262
17031828000,157,945,207,514,0,0,0,0,0,0,0,84,0,25,41,218
17031828100,48,1206,98,373,0,0,16,0,0,0,54,90,23,0,77,229
17031828201,56,637,174,684,0,0,0,0,0,0,0,49,11,59,22,103
17031828202,50,840,204,634,0,0,0,47,0,0,0,22,0,26,0,109
17031828300,54,860,28,392,0,0,0,17,0,0,0,11,0,24,4,84
17031828401,0,999,74,354,0,0,0,14,0,0,0,55,0,4,0,133
17031828402,62,839,203,652,0,0,0,14,0,0,13,0,0,8,13,86
17031828503,71,337,356,613,0,0,0,19,0,0,0,31,6,0,31,57
17031828504,101,450,342,898,0,0,0,10,0,0,0,54,26,59,37,122
17031828505,75,1302,180,966,0,0,0,14,0,0,33,25,0,24,50,112
17031828506,266,990,304,1584,0,0,0,0,0,0,22,44,0,0,89,164
17031828601,38,1143,20,281,0,0,0,12,0,0,16,0,0,27,16,17
17031828602,50,702,59,643,0,0,0,22,0,0,0,10,0,0,10,21
17031828701,27,374,74,785,0,14,0,13,0,0,0,16,12,23,0,48
17031828702,27,393,249,966,0,0,0,0,0,0,0,36,21,32,0,91
17031828801,39,1051,50,607,0,0,0,17,0,0,13,30,0,20,40,236
17031828802,61,798,45,244,0,0,0,0,0,0,0,59,0,0,46,195
17031828900,54,232,221,312,0,0,0,0,0,0,46,287,0,0,94,329
17031829000,0,10,255,182,0,0,0,0,0,0,0,0,0,0,0,10
17031829100,77,153,220,166,0,0,0,0,0,0,188,392,0,0,241,463
17031829200,61,969,79,336,0,0,0,0,0,0,77,346,0,22,85,608
17031829301,86,619,80,604,0,0,0,7,0,0,19,25,0,30,26,68
17031829302,32,101,166,546,0,0,0,0,0,0,79,210,21,7,115,197
17031829401,7,12,146,272,0,0,0,0,0,0,6,0,0,0,13,6
17031829402,41,451,264,603,0,0,0,0,0,0,0,54,0,27,0,71
17031829500,147,742,113,130,0,8,0,0,0,0,0,326,0,15,0,455
17031829600,159,791,14,147,0,8,0,9,0,0,0,69,0,16,46,183
17031829700,55,268,500,566,0,0,0,28,0,0,0,17,21,34,23,69
17031829800,0,1298,96,1073,0,0,0,18,0,0,0,0,0,0,0,32
17031829901,14,1333,243,1658,0,0,26,21,0,0,0,60,0,35,0,198
17031829902,16,488,320,1665,0,0,0,19,0,13,0,0,0,0,0,1
17031830001,134,884,5,76,0,0,0,20,0,0,0,0,0,17,23,139
17031830003,38,214,148,2411,0,0,0,0,0,0,0,0,18,61,0,22
17031830004,0,315,230,1694,0,0,17,45,0,0,0,63,0,23,0,150
17031830005,4,509,29,1111,0,0,0,36,0,0,0,11,0,12,0,0
17031830006,57,283,140,642,0,0,0,33,0,0,0,0,9,13,42,20
17031830007,17,199,446,978,0,0,8,8,0,0,0,28,0,8,8,63
17031830008,0,160,157,1051,0,0,0,14,0,0,0,21,23,7,0,37
17031830100,54,297,141,508,0,0,0,0,0,0,0,0,0,0,0,18
17031830201,21,431,372,1304,0,0,0,104,0,0,0,0,0,24,0,0
17031830202,15,245,104,617,0,0,0,0,0,0,31,0,0,55,31,47
17031830300,100,556,314,1166,0,0,0,0,0,0,0,0,0,13,39,27
17031830400,74,619,257,553,0,0,0,0,0,0,27,15,9,27,27,42
17031830500,161,497,11,0,0,0,0,0,0,0,71,323,25,15,259,835
17031830600,246,1018,86,235,0,9,21,76,0,0,28,72,24,91,185,429
17031830700,73,902,183,386,26,8,20,110,0,0,0,11,10,20,56,107
17031830800,38,1253,0,33,0,0,0,43,0,0,0,32,0,9,0,169
17031830900,44,1012,19,34,0,10,10,15,0,0,10,56,0,70,40,330
17031831000,0,1006,0,9,0,0,0,49,0,0,0,0,0,7,0,75
17031831100,102,2092,0,0,0,0,0,121,0,0,5,255,0,105,81,1163
17031831200,90,630,36,128,0,7,0,7,0,0,134,364,0,0,254,838
17031831300,19,26,99,99,0,7,0,8,0,0,14,85,0,8,33,118
17031831400,17,156,252,402,0,13,0,14,0,0,15,75,9,28,24,164
17031831500,157,736,10,63,0,25,0,42,0,0,9,127,0,18,126,536
17031831600,264,1221,59,200,23,26,0,0,0,0,181,340,23,0,412,918
17031831700,83,388,0,15,0,0,0,61,0,0,87,120,0,10,130,265
17031831800,295,1324,18,71,0,0,86,253,0,0,20,36,0,73,72,295
17031831900,0,1222,0,18,0,0,0,59,0,0,0,10,0,37,0,88
17031832000,10,696,0,36,0,0,0,60,0,0,0,6,0,14,4,51
17031832100,46,1408,17,214,0,34,17,58,0,0,0,0,0,32,11,174
17031832200,9,1274,0,11,0,0,0,59,0,0,0,43,0,82,0,164
17031832300,17,724,0,7,0,0,0,94,0,0,0,0,0,49,4,129
17031832400,46,1004,0,13,0,0,0,49,0,0,0,29,0,50,39,236
17031832500,114,1192,26,36,0,0,0,19,0,0,21,0,0,0,39,39
17031832600,0,1504,0,8,0,0,9,91,0,0,0,0,0,59,0,28
17031832900,0,597,34,16,0,0,0,176,0,0,0,40,0,12,0,59
17031833000,26,1743,128,147,0,0,0,294,0,0,0,0,24,15,0,50
17031833100,15,2674,247,222,0,0,18,487,0,0,0,0,17,39,0,203
17031833300,22,479,23,84,0,0,16,286,0,0,0,6,0,32,0,58
17031833900,106,277,240,114,0,4,0,9,0,0,1,30,6,7,107,327
17031834000,0,5,418,664,0,0,0,10,0,0,0,0,19,0,0,0
17031834200,0,21,718,876,0,0,0,0,0,0,0,0,0,19,0,10
17031834300,12,51,548,1869,0,0,0,20,0,0,0,0,0,32,0,22
17031834400,9,98,616,863,0,0,0,0,0,0,0,21,8,11,0,44
17031834500,0,0,247,221,0,0,0,0,0,0,13,0,0,12,0,0
17031834600,11,17,321,528,0,0,0,0,0,0,0,23,0,0,11,40
17031834700,15,0,242,261,0,0,13,0,0,0,0,0,10,0,21,0
17031834800,0,18,312,383,0,0,0,0,0,0,0,0,0,6,0,24
17031834900,0,0,343,350,0,0,0,0,0,0,0,0,26,7,0,0
17031835000,112,155,539,793,0,0,0,0,0,0,186,128,0,16,311,289
17031835100,154,347,96,221,0,21,0,13,0,0,222,238,0,45,356,609
17031835200,53,370,0,0,0,0,0,30,0,0,66,109,5,43,102,267
17031835500,12,13,392,273,0,0,0,0,0,0,14,0,0,0,20,0
17031835600,0,21,129,216,0,0,0,0,0,0,0,0,0,0,0,21
17031835700,0,0,48,106,0,0,0,0,0,0,0,0,0,0,0,0
17031835800,0,43,233,353,0,0,0,0,0,0,0,0,7,14,0,25
17031835900,17,21,629,783,0,0,19,0,0,0,0,0,0,11,0,31
17031836000,0,35,329,551,0,0,0,0,0,0,0,9,3,11,3,14
17031836100,0,30,389,304,0,0,0,8,0,0,0,0,33,0,0,20
17031836200,0,91,0,15,0,0,0,17,0,0,0,0,0,3,0,0
17031836300,0,209,99,317,0,0,0,7,0,0,0,20,0,10,0,26
17031836400,36,104,581,975,0,0,0,27,0,0,0,21,20,10,27,62
17031836500,0,0,302,358,0,0,0,0,0,0,5,0,0,0,0,0
17031836600,116,198,162,114,0,22,0,0,0,0,44,179,0,69,127,388
17031836700,45,82,249,361,0,0,0,6,0,0,81,54,0,6,111,61
17031836800,9,49,505,263,0,0,0,0,0,0,0,0,0,0,0,0
17031836900,10,63,183,180,0,0,0,5,0,0,0,0,8,0,0,32
17031837000,15,78,386,253,0,0,0,0,0,0,6,0,8,8,23,12
17031837100,23,154,147,368,0,0,0,5,0,0,13,26,0,0,14,76
17031837300,0,6,259,414,0,0,7,0,0,0,0,53,9,0,0,53
17031837400,0,62,334,292,0,0,0,0,0,0,0,0,0,14,0,0
17031837800,0,297,225,365,0,0,0,56,0,0,0,0,0,6,0,63
17031838000,0,243,467,411,0,0,0,37,0,8,0,21,0,32,8,106
17031838100,21,282,412,262,0,0,11,133,0,0,0,0,0,10,10,34
17031838200,25,214,6,35,0,0,0,80,0,0,0,16,0,11,7,71
17031838300,9,242,96,196,0,0,0,113,0,0,0,0,0,10,4,6
17031838600,5,0,262,264,0,0,0,0,0,0,22,0,3,0,27,0
17031838700,0,36,881,633,0,0,0,0,0,0,0,0,0,0,36,13
17031838800,97,415,398,181,0,0,0,0,0,0,0,40,0,0,88,363
17031839000,0,3349,102,559,0,20,93,485,0,0,0,0,0,181,0,405
17031839100,67,2260,0,302,0,0,0,915,0,0,0,19,0,107,0,264
17031839200,38,180,142,744,0,0,25,185,0,0,0,0,15,46,0,71
17031839500,0,79,243,321,0,0,0,18,0,0,0,10,0,24,0,27
17031839600,0,48,176,520,0,0,0,5,0,0,0,6,0,4,0,19
17031839700,198,952,35,37,0,14,30,379,0,0,20,114,0,50,99,399
17031839800,63,685,0,8,0,0,9,356,0,0,0,59,0,10,12,243
17031839900,206,1068,47,33,0,11,27,254,0,0,6,118,0,60,66,311
17031840000,75,485,0,0,0,0,79,248,0,0,26,75,0,22,47,127
17031840100,59,386,0,18,0,0,133,416,0,0,0,32,0,24,41,145
17031840200,15,265,8,20,0,0,117,326,0,0,0,72,10,3,16,149
17031840300,137,447,18,23,0,0,47,256,0,0,54,229,0,0,110,444
17031840400,76,515,0,0,0,0,79,375,0,0,0,99,0,24,15,371
17031840700,168,382,20,0,0,12,0,0,0,0,73,384,11,32,241,647
17031840800,179,270,15,7,0,0,0,0,0,0,118,230,0,0,312,494
17031841000,0,186,60,215,0,0,22,60,0,0,0,0,0,23,0,36
17031841100,21,205,32,61,0,0,949,1435,0,0,0,38,0,46,0,142
17031841200,226,755,0,75,0,11,0,47,0,0,215,309,0,72,383,714
17031841300,78,527,0,99,0,18,0,30,0,0,107,569,0,71,146,967
17031841400,0,44,115,241,0,0,0,0,0,0,0,14,0,0,17,45
17031841500,15,16,394,500,0,0,0,0,0,0,0,21,0,0,15,7
17031841600,0,4,61,148,0,0,0,0,0,0,21,0,0,0,21,0
17031841700,14,128,231,153,0,0,0,0,0,0,77,80,0,25,115,165
17031841800,0,13,351,495,0,0,0,0,0,0,0,20,0,11,0,13
17031841900,11,1099,0,113,0,0,0,324,0,0,0,24,0,28,0,140
17031842000,0,70,25,215,0,0,0,38,0,0,0,6,4,0,9,28
17031842100,109,299,538,658,0,0,0,34,0,0,243,247,0,0,379,432
17031842200,114,1293,140,170,0,0,0,100,0,0,0,57,11,38,78,87
17031842300,0,1145,41,106,0,0,0,113,0,0,0,0,0,39,0,96
17031842400,0,19,321,894,0,0,16,0,0,0,0,0,0,0,0,11
17031842500,0,0,585,240,0,0,0,0,0,0,0,0,0,0,0,0
17031842600,134,858,10,76,0,18,18,126,0,0,42,133,15,2,93,326
17031842800,245,745,0,25,0,27,17,107,0,0,233,596,40,1,498,1154
17031842900,34,184,423,431,0,0,14,35,0,0,0,27,0,0,12,90
17031843000,0,0,575,323,0,0,0,0,0,0,11,18,0,0,0,18
17031843100,8,24,181,266,0,0,0,0,0,0,0,13,13,0,8,13
17031843200,69,472,0,34,0,0,0,12,0,0,84,167,9,27,144,423
17031843300,36,77,130,128,0,0,0,0,0,0,12,45,0,14,48,106
17031843400,1,103,155,186,0,0,0,0,0,0,20,42,0,0,20,128
17031843500,38,114,0,0,0,0,0,0,0,0,35,108,0,0,64,217
17031843600,0,66,447,772,0,0,0,26,0,0,19,0,13,10,0,45
17031843700,53,807,19,22,0,0,5,50,0,0,0,10,0,19,11,191
17031843800,52,132,138,266,0,0,9,19,0,0,0,8,0,0,6,66
17031843900,0,105,463,1253,0,0,10,56,0,0,0,55,12,24,0,80
17031980000,0,0,0,0,0,0,0,0,0,0,0,0,0,0,0,0
17031980100,0,0,0,0,0,0,0,0,0,0,0,0,0,0,0,0
17031990000,0,0,0,0,0,0,0,0,0,0,0,0,0,0,0,0